application_id,job_id,user_id,status,applied_at,role,college_id
1,186,363,selected,2026-02-04 21:48:00.800051,student,104
2,141,656,rejected,2025-12-30 21:48:00.800077,student,105
3,162,804,rejected,2025-12-05 21:48:00.800083,admin,101
4,85,592,shortlisted,2025-12-22 21:48:00.800087,student,101
5,185,104,rejected,2026-01-10 21:48:00.800090,alumni,101
6,44,57,rejected,2025-10-20 21:48:00.800094,admin,103
7,143,310,selected,2025-10-22 21:48:00.800097,student,104
8,29,123,selected,2026-01-01 21:48:00.800101,alumni,101
9,104,668,rejected,2026-01-27 21:48:00.800104,student,102
10,11,144,shortlisted,2026-02-25 21:48:00.800108,admin,103
11,58,51,applied,2025-09-17 21:48:00.800111,student,101
12,125,508,rejected,2025-12-19 21:48:00.800114,alumni,103
13,24,983,rejected,2025-09-24 21:48:00.800117,student,104
14,108,791,selected,2025-11-02 21:48:00.800121,alumni,105
15,43,240,shortlisted,2025-12-31 21:48:00.800124,admin,103
16,135,834,applied,2025-12-09 21:48:00.800127,student,102
17,159,988,applied,2025-12-11 21:48:00.800130,admin,102
18,52,573,shortlisted,2025-11-29 21:48:00.800133,alumni,101
19,17,782,applied,2026-02-20 21:48:00.800136,student,105
20,91,234,selected,2025-10-16 21:48:00.800139,admin,103
21,37,645,selected,2025-10-02 21:48:00.800142,student,102
22,25,507,applied,2026-01-07 21:48:00.800145,admin,101
23,47,876,rejected,2025-09-24 21:48:00.800149,alumni,101
24,94,978,applied,2025-11-23 21:48:00.800151,admin,102
25,61,481,rejected,2026-02-17 21:48:00.800155,admin,101
26,123,842,shortlisted,2026-02-01 21:48:00.800158,admin,105
27,175,817,rejected,2026-02-01 21:48:00.800161,student,105
28,172,964,applied,2025-11-19 21:48:00.800164,admin,102
29,1,767,rejected,2025-12-20 21:48:00.800167,student,105
30,44,724,rejected,2025-09-15 21:48:00.800170,alumni,101
31,50,706,shortlisted,2025-12-23 21:48:00.800173,student,101
32,52,798,applied,2025-12-05 21:48:00.800176,admin,105
33,124,26,selected,2025-12-13 21:48:00.800179,student,104
34,5,214,selected,2025-10-22 21:48:00.800182,student,101
35,137,740,shortlisted,2025-11-09 21:48:00.800185,student,103
36,160,475,selected,2025-10-11 21:48:00.800188,admin,101
37,119,370,shortlisted,2025-10-17 21:48:00.800191,admin,103
38,100,533,rejected,2026-01-08 21:48:00.800194,student,104
39,13,578,shortlisted,2026-02-15 21:48:00.800197,admin,104
40,120,573,applied,2025-09-01 21:48:00.800200,alumni,103
41,177,524,shortlisted,2025-11-20 21:48:00.800203,student,102
42,49,453,shortlisted,2025-09-13 21:48:00.800207,admin,104
43,191,591,rejected,2025-11-04 21:48:00.800210,alumni,102
44,27,784,rejected,2025-09-04 21:48:00.800213,admin,105
45,51,425,selected,2025-10-03 21:48:00.800216,student,105
46,191,837,selected,2025-12-11 21:48:00.800219,alumni,102
47,52,171,shortlisted,2025-10-04 21:48:00.800222,student,105
48,133,919,rejected,2025-09-30 21:48:00.800225,alumni,104
49,154,119,shortlisted,2026-01-21 21:48:00.800228,admin,101
50,94,458,selected,2025-10-02 21:48:00.800231,admin,104
51,131,749,rejected,2025-12-06 21:48:00.800234,admin,104
52,104,161,shortlisted,2026-01-15 21:48:00.800237,alumni,105
53,76,357,selected,2025-09-04 21:48:00.800240,student,104
54,173,7,selected,2025-11-04 21:48:00.800243,student,103
55,44,523,rejected,2025-12-21 21:48:00.800246,admin,101
56,25,262,rejected,2026-02-14 21:48:00.800249,admin,101
57,168,189,shortlisted,2025-10-21 21:48:00.800252,student,103
58,181,131,rejected,2025-12-21 21:48:00.800255,alumni,102
59,135,850,shortlisted,2025-09-14 21:48:00.800258,student,105
60,40,318,applied,2026-01-29 21:48:00.800261,student,105
61,33,271,applied,2026-01-03 21:48:00.800264,student,103
62,55,730,shortlisted,2025-09-27 21:48:00.800267,student,103
63,200,605,applied,2025-09-08 21:48:00.800270,student,105
64,96,29,shortlisted,2025-09-05 21:48:00.800273,alumni,102
65,22,863,rejected,2025-09-20 21:48:00.800276,student,101
66,109,675,shortlisted,2025-10-31 21:48:00.800281,alumni,105
67,5,717,applied,2026-01-04 21:48:00.800284,student,103
68,72,614,rejected,2025-09-27 21:48:00.800288,admin,101
69,186,362,shortlisted,2025-09-13 21:48:00.800291,student,101
70,75,586,rejected,2026-02-21 21:48:00.800294,alumni,102
71,48,211,shortlisted,2025-12-02 21:48:00.800297,student,101
72,83,739,selected,2025-10-12 21:48:00.800300,alumni,103
73,126,735,shortlisted,2025-09-04 21:48:00.800303,admin,104
74,52,46,applied,2025-10-15 21:48:00.800307,student,102
75,37,683,selected,2026-02-11 21:48:00.800310,student,103
76,29,538,selected,2025-10-26 21:48:00.800313,admin,104
77,73,642,shortlisted,2025-11-29 21:48:00.800317,student,103
78,94,664,shortlisted,2026-01-19 21:48:00.800324,student,104
79,36,129,shortlisted,2025-11-16 21:48:00.800328,alumni,102
80,64,448,shortlisted,2025-09-24 21:48:00.800331,student,101
81,151,376,selected,2026-01-16 21:48:00.800334,alumni,103
82,80,745,shortlisted,2026-01-02 21:48:00.800337,alumni,103
83,197,518,selected,2025-11-22 21:48:00.800340,admin,102
84,162,448,rejected,2025-12-24 21:48:00.800343,admin,102
85,145,238,applied,2025-11-03 21:48:00.800346,admin,105
86,125,754,applied,2026-02-14 21:48:00.800349,admin,105
87,137,556,rejected,2025-12-23 21:48:00.800352,admin,102
88,109,764,applied,2026-01-11 21:48:00.800355,student,102
89,54,546,selected,2026-02-26 21:48:00.800357,student,101
90,199,338,shortlisted,2025-10-10 21:48:00.800361,admin,102
91,114,55,selected,2025-09-04 21:48:00.800364,admin,101
92,175,241,shortlisted,2026-02-23 21:48:00.800367,alumni,104
93,25,715,selected,2026-01-06 21:48:00.800371,alumni,103
94,77,141,shortlisted,2026-02-02 21:48:00.800375,admin,104
95,162,797,shortlisted,2025-09-27 21:48:00.800378,admin,102
96,53,953,rejected,2025-12-27 21:48:00.800382,admin,104
97,114,436,selected,2026-01-22 21:48:00.800385,alumni,102
98,135,319,applied,2025-12-21 21:48:00.800388,alumni,105
99,192,632,rejected,2026-01-14 21:48:00.800391,alumni,104
100,52,961,rejected,2026-01-23 21:48:00.800394,admin,101
101,77,908,rejected,2025-11-04 21:48:00.800398,student,102
102,200,740,selected,2025-12-04 21:48:00.800401,admin,105
103,37,711,rejected,2026-02-21 21:48:00.800404,alumni,101
104,151,155,applied,2026-02-14 21:48:00.800407,alumni,101
105,37,49,rejected,2025-09-01 21:48:00.800410,alumni,102
106,46,937,rejected,2025-11-14 21:48:00.800414,alumni,105
107,193,273,applied,2025-12-05 21:48:00.800417,student,103
108,153,574,selected,2025-09-11 21:48:00.800420,alumni,102
109,144,463,shortlisted,2025-11-06 21:48:00.800423,alumni,104
110,178,255,selected,2025-09-10 21:48:00.800428,admin,105
111,162,636,selected,2026-02-25 21:48:00.800431,admin,101
112,80,328,applied,2025-11-17 21:48:00.800434,student,102
113,14,553,selected,2025-12-02 21:48:00.800437,admin,101
114,161,386,selected,2025-11-24 21:48:00.800440,student,101
115,34,569,shortlisted,2025-12-03 21:48:00.800443,admin,105
116,157,939,selected,2025-12-01 21:48:00.800478,admin,103
117,129,650,applied,2026-01-25 21:48:00.800481,admin,103
118,117,154,selected,2025-09-08 21:48:00.800485,alumni,101
119,109,666,applied,2025-10-08 21:48:00.800488,admin,104
120,154,602,applied,2025-11-19 21:48:00.800491,admin,101
121,183,377,shortlisted,2026-01-07 21:48:00.800495,student,101
122,105,349,applied,2026-01-29 21:48:00.800498,alumni,104
123,68,490,shortlisted,2025-09-04 21:48:00.800502,alumni,101
124,25,60,selected,2025-11-06 21:48:00.800505,alumni,101
125,38,573,applied,2026-01-12 21:48:00.800508,admin,103
126,16,497,shortlisted,2026-02-23 21:48:00.800512,student,104
127,122,790,shortlisted,2025-11-20 21:48:00.800515,admin,105
128,160,165,applied,2025-12-31 21:48:00.800518,student,104
129,167,752,applied,2026-01-14 21:48:00.800522,student,105
130,169,732,shortlisted,2025-12-03 21:48:00.800528,alumni,101
131,178,26,applied,2026-01-04 21:48:00.800531,student,102
132,77,769,rejected,2026-01-19 21:48:00.800534,student,104
133,21,670,applied,2025-12-18 21:48:00.800538,admin,103
134,94,415,selected,2025-11-04 21:48:00.800541,alumni,101
135,53,551,applied,2025-09-20 21:48:00.800544,alumni,103
136,53,425,applied,2025-09-30 21:48:00.800548,admin,104
137,183,564,applied,2025-12-15 21:48:00.800551,alumni,104
138,129,633,shortlisted,2025-11-08 21:48:00.800555,admin,104
139,90,764,shortlisted,2026-02-03 21:48:00.800559,admin,103
140,79,365,selected,2025-10-15 21:48:00.800562,admin,101
141,81,969,shortlisted,2025-09-12 21:48:00.800565,alumni,101
142,161,895,shortlisted,2026-02-03 21:48:00.800569,admin,102
143,26,889,rejected,2025-11-29 21:48:00.800572,alumni,102
144,39,644,shortlisted,2025-10-26 21:48:00.800575,student,104
145,110,669,shortlisted,2026-02-08 21:48:00.800578,admin,101
146,168,281,shortlisted,2026-02-03 21:48:00.800581,admin,105
147,160,949,applied,2025-12-20 21:48:00.800585,student,104
148,48,909,applied,2026-02-17 21:48:00.800588,alumni,103
149,108,111,selected,2026-01-09 21:48:00.800592,admin,104
150,90,509,selected,2026-01-21 21:48:00.800597,student,103
151,79,612,shortlisted,2025-11-29 21:48:00.800600,student,102
152,18,936,rejected,2026-02-14 21:48:00.800604,alumni,104
153,188,553,applied,2025-09-03 21:48:00.800607,alumni,101
154,68,138,selected,2025-09-17 21:48:00.800610,student,104
155,36,949,applied,2026-02-16 21:48:00.800613,alumni,102
156,43,696,rejected,2025-11-07 21:48:00.800616,alumni,101
157,14,615,shortlisted,2025-11-07 21:48:00.800619,alumni,102
158,176,950,rejected,2025-12-14 21:48:00.800623,alumni,104
159,12,564,rejected,2026-02-23 21:48:00.800626,student,104
160,48,723,applied,2025-09-03 21:48:00.800629,alumni,102
161,119,557,applied,2025-09-11 21:48:00.800632,student,103
162,11,297,applied,2025-10-30 21:48:00.800635,alumni,101
163,75,698,rejected,2025-12-19 21:48:00.800639,alumni,101
164,8,94,selected,2025-10-19 21:48:00.800642,student,102
165,140,286,applied,2025-11-11 21:48:00.800645,student,102
166,91,330,shortlisted,2026-01-18 21:48:00.800648,admin,101
167,42,937,rejected,2025-11-08 21:48:00.800652,student,102
168,10,891,selected,2026-02-17 21:48:00.800655,admin,103
169,133,755,applied,2025-10-10 21:48:00.800658,admin,103
170,186,162,shortlisted,2025-09-27 21:48:00.800661,admin,103
171,178,312,rejected,2026-01-25 21:48:00.800664,student,103
172,19,187,applied,2025-12-23 21:48:00.800667,admin,101
173,99,802,applied,2026-02-10 21:48:00.800670,admin,105
174,121,5,applied,2025-09-05 21:48:00.800675,alumni,103
175,127,612,rejected,2025-10-27 21:48:00.800678,alumni,101
176,184,637,shortlisted,2026-02-13 21:48:00.800681,student,103
177,86,178,applied,2025-11-04 21:48:00.800684,student,103
178,113,770,applied,2025-11-09 21:48:00.800687,admin,101
179,133,634,shortlisted,2025-11-11 21:48:00.800691,admin,104
180,149,15,selected,2026-02-09 21:48:00.800694,alumni,103
181,156,191,applied,2026-02-18 21:48:00.800698,student,101
182,81,575,applied,2025-12-28 21:48:00.800701,alumni,105
183,178,121,rejected,2026-01-12 21:48:00.800704,student,102
184,185,432,applied,2025-09-19 21:48:00.800707,student,102
185,30,941,shortlisted,2025-12-15 21:48:00.800710,student,105
186,172,424,shortlisted,2025-10-09 21:48:00.800713,admin,103
187,102,134,selected,2025-11-17 21:48:00.800717,alumni,103
188,190,727,shortlisted,2026-01-26 21:48:00.800720,admin,104
189,129,145,rejected,2025-11-16 21:48:00.800723,admin,105
190,91,171,applied,2025-09-09 21:48:00.800726,student,104
191,7,576,rejected,2025-12-15 21:48:00.800729,student,101
192,66,994,rejected,2026-02-24 21:48:00.800732,alumni,102
193,82,342,selected,2025-09-14 21:48:00.800735,student,101
194,30,331,shortlisted,2026-02-15 21:48:00.800738,student,102
195,160,515,applied,2026-02-20 21:48:00.800741,alumni,102
196,39,847,shortlisted,2026-02-11 21:48:00.800744,alumni,105
197,55,677,shortlisted,2025-10-29 21:48:00.800747,alumni,103
198,110,995,rejected,2025-11-26 21:48:00.800751,admin,102
199,2,458,shortlisted,2026-01-29 21:48:00.800754,alumni,103
200,22,748,applied,2025-12-06 21:48:00.800758,alumni,102
201,45,454,applied,2025-12-10 21:48:00.800762,student,104
202,27,512,applied,2026-02-16 21:48:00.800767,admin,101
203,99,67,rejected,2025-12-30 21:48:00.800771,admin,104
204,131,253,shortlisted,2025-11-22 21:48:00.800774,alumni,101
205,104,986,rejected,2025-10-27 21:48:00.800778,student,101
206,61,606,selected,2025-11-16 21:48:00.800781,alumni,101
207,199,123,rejected,2025-09-17 21:48:00.800784,admin,102
208,4,527,rejected,2026-01-26 21:48:00.800788,student,104
209,151,936,applied,2025-10-31 21:48:00.800791,student,103
210,69,475,selected,2025-12-26 21:48:00.800794,student,103
211,28,926,rejected,2026-01-09 21:48:00.800798,student,103
212,174,624,shortlisted,2026-02-02 21:48:00.800801,student,105
213,166,312,rejected,2025-09-29 21:48:00.800805,alumni,101
214,8,652,rejected,2026-01-09 21:48:00.800808,student,104
215,200,219,shortlisted,2025-10-17 21:48:00.800812,alumni,105
216,44,927,selected,2026-02-20 21:48:00.800815,admin,103
217,172,867,selected,2025-12-17 21:48:00.800818,admin,104
218,125,13,rejected,2025-12-21 21:48:00.800821,admin,104
219,143,654,rejected,2025-12-16 21:48:00.800824,alumni,102
220,79,211,rejected,2025-09-26 21:48:00.800826,student,104
221,113,237,shortlisted,2025-12-18 21:48:00.800830,student,105
222,47,542,selected,2025-12-20 21:48:00.800833,alumni,103
223,2,822,rejected,2025-12-29 21:48:00.800837,admin,105
224,92,67,rejected,2025-10-26 21:48:00.800840,student,102
225,146,951,shortlisted,2026-01-24 21:48:00.800844,alumni,101
226,77,40,selected,2026-01-04 21:48:00.800847,alumni,104
227,43,436,shortlisted,2025-10-25 21:48:00.800851,student,104
228,126,612,rejected,2025-10-27 21:48:00.800853,alumni,104
229,35,498,selected,2025-10-23 21:48:00.800856,student,103
230,187,365,applied,2026-01-16 21:48:00.800859,student,105
231,119,98,rejected,2025-10-09 21:48:00.800863,admin,101
232,1,258,selected,2025-12-25 21:48:00.800865,alumni,102
233,83,679,applied,2025-12-02 21:48:00.800869,admin,101
234,102,662,rejected,2026-01-27 21:48:00.800874,student,104
235,11,939,shortlisted,2025-09-11 21:48:00.800877,alumni,102
236,27,124,rejected,2025-10-15 21:48:00.800880,admin,102
237,150,934,shortlisted,2026-01-14 21:48:00.800883,student,102
238,193,144,rejected,2025-09-01 21:48:00.800887,student,102
239,86,18,rejected,2025-12-18 21:48:00.800890,admin,102
240,10,980,selected,2026-01-24 21:48:00.800894,admin,101
241,160,169,shortlisted,2026-01-24 21:48:00.800897,alumni,104
242,88,792,rejected,2025-11-22 21:48:00.800900,student,103
243,185,654,applied,2025-12-28 21:48:00.800904,student,104
244,196,449,shortlisted,2026-02-15 21:48:00.800907,alumni,101
245,149,824,shortlisted,2025-12-26 21:48:00.800910,alumni,101
246,42,805,selected,2025-09-24 21:48:00.800914,admin,102
247,114,486,shortlisted,2026-02-11 21:48:00.800917,alumni,101
248,121,25,shortlisted,2025-12-26 21:48:00.800921,admin,102
249,170,283,selected,2026-02-03 21:48:00.800925,student,105
250,110,397,shortlisted,2025-12-16 21:48:00.800929,admin,104
251,25,772,shortlisted,2025-12-09 21:48:00.800933,student,103
252,139,712,rejected,2025-10-20 21:48:00.800936,student,101
253,130,841,applied,2025-12-10 21:48:00.800939,alumni,103
254,166,930,applied,2025-09-08 21:48:00.800943,admin,104
255,12,298,applied,2026-01-22 21:48:00.800947,admin,102
256,38,775,selected,2025-08-31 21:48:00.800950,admin,102
257,4,513,applied,2026-02-17 21:48:00.800953,alumni,101
258,187,550,selected,2025-12-01 21:48:00.800957,alumni,102
259,2,600,shortlisted,2026-02-16 21:48:00.800961,alumni,103
260,30,625,applied,2025-09-20 21:48:00.800964,admin,102
261,61,479,shortlisted,2025-10-03 21:48:00.800967,admin,105
262,7,870,rejected,2025-09-27 21:48:00.800971,admin,105
263,174,419,selected,2025-10-13 21:48:00.800974,admin,103
264,191,698,rejected,2026-02-02 21:48:00.800978,admin,103
265,48,870,selected,2025-09-20 21:48:00.800982,admin,105
266,93,751,shortlisted,2025-09-20 21:48:00.800985,alumni,104
267,68,337,shortlisted,2025-09-12 21:48:00.800989,student,104
268,197,240,shortlisted,2025-08-31 21:48:00.800993,alumni,105
269,199,170,rejected,2025-10-03 21:48:00.800997,admin,102
270,188,325,shortlisted,2025-11-25 21:48:00.801002,alumni,103
271,18,289,selected,2026-01-20 21:48:00.801006,alumni,101
272,106,382,applied,2025-10-19 21:48:00.801010,alumni,104
273,155,794,applied,2025-09-02 21:48:00.801014,student,105
274,195,719,rejected,2025-12-10 21:48:00.801018,alumni,104
275,94,502,shortlisted,2025-10-16 21:48:00.801022,admin,103
276,92,101,rejected,2025-10-13 21:48:00.801025,alumni,103
277,32,238,shortlisted,2025-09-26 21:48:00.801029,admin,105
278,97,560,selected,2025-09-10 21:48:00.801033,alumni,105
279,181,421,selected,2025-09-16 21:48:00.801036,admin,103
280,87,87,applied,2025-12-03 21:48:00.801040,admin,101
281,179,30,shortlisted,2026-02-05 21:48:00.801044,alumni,103
282,56,166,shortlisted,2025-11-21 21:48:00.801048,admin,103
283,95,358,rejected,2025-10-04 21:48:00.801052,student,104
284,181,822,rejected,2025-11-15 21:48:00.801055,student,103
285,150,233,rejected,2025-10-24 21:48:00.801059,admin,103
286,17,176,selected,2025-12-07 21:48:00.801063,alumni,103
287,11,940,applied,2026-02-12 21:48:00.801068,student,101
288,4,10,shortlisted,2025-11-23 21:48:00.801071,alumni,105
289,18,454,selected,2025-12-28 21:48:00.801075,admin,102
290,185,699,applied,2025-12-20 21:48:00.801079,admin,101
291,30,644,applied,2026-01-10 21:48:00.801082,alumni,104
292,176,891,rejected,2025-11-10 21:48:00.801087,alumni,102
293,53,987,applied,2025-12-02 21:48:00.801090,alumni,103
294,87,493,selected,2025-12-19 21:48:00.801094,admin,101
295,38,688,shortlisted,2025-10-29 21:48:00.801098,student,105
296,184,162,selected,2026-01-28 21:48:00.801102,alumni,104
297,188,105,shortlisted,2026-02-16 21:48:00.801105,student,102
298,7,167,shortlisted,2025-11-14 21:48:00.801109,alumni,101
299,165,57,shortlisted,2026-02-14 21:48:00.801113,alumni,102
300,150,900,selected,2025-09-15 21:48:00.801116,student,103
301,161,710,rejected,2025-09-19 21:48:00.801120,alumni,105
302,98,993,selected,2025-11-11 21:48:00.801124,admin,103
303,73,536,applied,2025-10-16 21:48:00.801128,alumni,105
304,155,477,applied,2025-11-18 21:48:00.801132,admin,101
305,11,768,rejected,2025-12-18 21:48:00.801135,admin,101
306,126,604,selected,2025-09-21 21:48:00.801139,admin,102
307,109,822,shortlisted,2025-12-07 21:48:00.801142,student,102
308,65,236,selected,2025-09-16 21:48:00.801146,student,102
309,151,140,shortlisted,2026-02-13 21:48:00.801150,alumni,105
310,47,626,selected,2025-12-10 21:48:00.801156,admin,101
311,50,747,applied,2025-11-10 21:48:00.801160,student,103
312,82,765,selected,2025-10-14 21:48:00.801164,admin,101
313,19,51,applied,2025-11-12 21:48:00.801167,student,103
314,146,962,shortlisted,2025-11-05 21:48:00.801171,alumni,104
315,3,787,applied,2025-12-16 21:48:00.801175,alumni,102
316,146,518,shortlisted,2025-11-29 21:48:00.801179,student,104
317,83,986,rejected,2026-01-13 21:48:00.801183,student,104
318,35,795,applied,2025-10-19 21:48:00.801187,alumni,105
319,160,390,shortlisted,2025-12-15 21:48:00.801190,alumni,103
320,70,612,applied,2025-11-05 21:48:00.801194,student,103
321,121,733,applied,2025-11-12 21:48:00.801198,student,101
322,40,576,applied,2025-10-10 21:48:00.801202,alumni,102
323,61,991,selected,2025-12-30 21:48:00.801206,student,104
324,56,141,rejected,2026-02-05 21:48:00.801210,alumni,104
325,154,265,applied,2026-01-30 21:48:00.801214,student,105
326,37,476,shortlisted,2025-11-01 21:48:00.801218,admin,102
327,182,369,applied,2025-09-22 21:48:00.801221,student,105
328,45,540,applied,2025-10-15 21:48:00.801225,student,101
329,115,312,selected,2025-10-30 21:48:00.801229,admin,104
330,73,974,shortlisted,2025-12-09 21:48:00.801233,student,101
331,125,412,applied,2026-01-13 21:48:00.801237,alumni,105
332,57,67,selected,2026-01-09 21:48:00.801240,student,104
333,106,114,selected,2026-01-11 21:48:00.801245,alumni,104
334,184,38,rejected,2025-09-20 21:48:00.801249,admin,101
335,55,215,applied,2025-12-24 21:48:00.801252,alumni,101
336,10,14,shortlisted,2026-01-16 21:48:00.801256,admin,104
337,97,61,shortlisted,2026-01-26 21:48:00.801260,alumni,105
338,120,468,shortlisted,2025-12-19 21:48:00.801263,student,101
339,115,128,shortlisted,2025-09-11 21:48:00.801267,alumni,105
340,4,714,shortlisted,2026-01-27 21:48:00.801271,student,104
341,27,737,selected,2025-10-03 21:48:00.801275,student,102
342,65,392,shortlisted,2025-12-04 21:48:00.801279,alumni,102
343,125,976,selected,2026-02-10 21:48:00.801282,student,102
344,45,638,rejected,2026-01-26 21:48:00.801286,admin,105
345,34,167,shortlisted,2025-12-07 21:48:00.801290,alumni,103
346,145,352,shortlisted,2025-11-20 21:48:00.801293,student,101
347,126,829,selected,2025-10-23 21:48:00.801297,alumni,101
348,194,420,selected,2025-11-23 21:48:00.801300,student,104
349,89,238,shortlisted,2025-10-20 21:48:00.801303,student,105
350,78,407,selected,2025-11-08 21:48:00.801307,alumni,102
351,128,970,rejected,2025-12-29 21:48:00.801311,student,102
352,22,632,rejected,2025-11-25 21:48:00.801314,student,101
353,169,39,shortlisted,2025-12-14 21:48:00.801318,student,105
354,164,556,shortlisted,2025-12-13 21:48:00.801323,admin,104
355,105,620,rejected,2025-08-31 21:48:00.801326,alumni,103
356,149,481,rejected,2026-01-23 21:48:00.801330,admin,104
357,64,246,shortlisted,2025-11-17 21:48:00.801335,admin,103
358,41,503,rejected,2025-12-12 21:48:00.801338,admin,105
359,195,465,rejected,2025-09-20 21:48:00.801341,student,101
360,171,558,applied,2026-01-15 21:48:00.801344,alumni,104
361,125,404,selected,2025-10-25 21:48:00.801348,admin,102
362,40,953,selected,2025-12-25 21:48:00.801351,student,105
363,67,25,shortlisted,2025-12-02 21:48:00.801354,student,103
364,154,340,shortlisted,2025-09-14 21:48:00.801358,admin,103
365,197,703,applied,2025-09-15 21:48:00.801361,student,101
366,125,538,applied,2025-11-24 21:48:00.801364,admin,105
367,26,401,shortlisted,2025-10-02 21:48:00.801368,admin,101
368,125,501,rejected,2025-09-19 21:48:00.801371,student,103
369,145,605,rejected,2026-02-09 21:48:00.801374,admin,104
370,55,718,applied,2025-10-27 21:48:00.801377,student,101
371,127,70,shortlisted,2025-11-02 21:48:00.801380,admin,101
372,42,836,rejected,2025-12-22 21:48:00.801384,admin,105
373,49,594,shortlisted,2025-12-26 21:48:00.801387,student,104
374,173,706,applied,2025-09-23 21:48:00.801390,alumni,103
375,93,838,shortlisted,2026-02-18 21:48:00.801394,student,102
376,118,538,rejected,2025-10-07 21:48:00.801398,admin,101
377,101,551,applied,2025-11-04 21:48:00.801401,alumni,105
378,170,261,applied,2025-10-16 21:48:00.801404,admin,101
379,109,596,selected,2025-12-26 21:48:00.801408,alumni,102
380,73,191,rejected,2025-08-30 21:48:00.801411,alumni,105
381,16,529,selected,2025-12-09 21:48:00.801414,alumni,105
382,59,785,rejected,2025-11-10 21:48:00.801418,alumni,105
383,3,519,selected,2025-12-10 21:48:00.801421,alumni,103
384,28,685,selected,2025-10-26 21:48:00.801424,admin,103
385,150,545,shortlisted,2025-11-16 21:48:00.801427,student,101
386,67,680,applied,2025-11-29 21:48:00.801431,alumni,104
387,29,159,selected,2025-09-13 21:48:00.801434,admin,105
388,200,833,selected,2025-12-25 21:48:00.801437,student,101
389,58,63,applied,2026-02-13 21:48:00.801440,admin,102
390,30,4,selected,2025-11-28 21:48:00.801444,student,102
391,163,89,selected,2026-01-22 21:48:00.801448,admin,104
392,130,361,applied,2025-10-25 21:48:00.801451,alumni,104
393,46,782,selected,2025-12-01 21:48:00.801454,student,102
394,73,612,shortlisted,2025-09-27 21:48:00.801458,student,105
395,82,411,applied,2025-09-30 21:48:00.801461,alumni,103
396,154,622,selected,2025-12-22 21:48:00.801464,admin,105
397,155,206,selected,2026-02-09 21:48:00.801467,alumni,105
398,91,136,applied,2025-12-27 21:48:00.801471,alumni,103
399,3,157,selected,2025-10-20 21:48:00.801477,admin,101
400,113,600,shortlisted,2025-12-31 21:48:00.801480,admin,105
401,163,248,rejected,2025-11-25 21:48:00.801483,admin,105
402,93,697,rejected,2025-09-27 21:48:00.801490,student,105
403,163,512,shortlisted,2026-01-28 21:48:00.801493,admin,101
404,167,606,shortlisted,2025-12-15 21:48:00.801497,admin,105
405,55,122,selected,2026-01-19 21:48:00.801500,alumni,104
406,146,668,shortlisted,2025-10-24 21:48:00.801503,alumni,103
407,56,319,applied,2025-12-20 21:48:00.801507,admin,105
408,173,733,applied,2025-11-29 21:48:00.801510,student,105
409,13,453,shortlisted,2026-02-02 21:48:00.801513,student,102
410,150,116,selected,2026-01-27 21:48:00.801516,student,101
411,19,443,selected,2025-12-19 21:48:00.801520,admin,104
412,77,283,rejected,2025-09-03 21:48:00.801523,admin,101
413,154,726,rejected,2025-11-16 21:48:00.801527,student,102
414,169,214,applied,2026-02-10 21:48:00.801530,alumni,105
415,185,70,rejected,2025-10-31 21:48:00.801534,alumni,102
416,146,913,applied,2025-11-08 21:48:00.801537,admin,105
417,55,784,shortlisted,2025-12-04 21:48:00.801541,student,102
418,25,386,selected,2025-09-12 21:48:00.801544,admin,104
419,91,572,applied,2026-01-05 21:48:00.801547,alumni,103
420,54,504,selected,2025-09-02 21:48:00.801551,alumni,101
421,139,732,rejected,2026-01-18 21:48:00.801554,admin,101
422,16,376,selected,2025-11-15 21:48:00.801557,alumni,102
423,83,881,applied,2026-02-04 21:48:00.801561,alumni,103
424,64,505,rejected,2026-01-20 21:48:00.801564,alumni,102
425,88,191,applied,2025-11-08 21:48:00.801568,alumni,103
426,81,273,shortlisted,2025-11-02 21:48:00.801571,alumni,103
427,29,943,rejected,2026-02-25 21:48:00.801574,student,102
428,5,913,shortlisted,2025-09-06 21:48:00.801577,admin,104
429,127,569,shortlisted,2026-01-29 21:48:00.801581,alumni,101
430,147,268,rejected,2025-09-22 21:48:00.801584,student,103
431,176,67,shortlisted,2026-01-20 21:48:00.801587,admin,102
432,158,375,shortlisted,2026-01-09 21:48:00.801591,student,102
433,78,145,selected,2026-02-13 21:48:00.801594,admin,104
434,83,529,selected,2026-02-14 21:48:00.801598,alumni,101
435,16,689,rejected,2025-11-14 21:48:00.801601,student,104
436,23,306,selected,2025-11-07 21:48:00.801604,alumni,103
437,113,751,applied,2025-09-21 21:48:00.801607,admin,104
438,137,222,applied,2026-01-22 21:48:00.801611,admin,103
439,52,23,shortlisted,2026-01-23 21:48:00.801614,admin,101
440,32,986,selected,2025-10-20 21:48:00.801618,student,102
441,11,730,rejected,2025-11-30 21:48:00.801621,student,105
442,48,939,shortlisted,2025-10-25 21:48:00.801624,admin,102
443,39,869,shortlisted,2025-09-08 21:48:00.801628,admin,105
444,125,687,applied,2026-02-16 21:48:00.801631,alumni,101
445,64,537,shortlisted,2025-09-16 21:48:00.801635,admin,102
446,101,290,rejected,2026-02-06 21:48:00.801638,student,105
447,53,727,rejected,2025-09-13 21:48:00.801641,admin,101
448,141,887,selected,2025-11-24 21:48:00.801645,admin,104
449,138,391,selected,2025-10-07 21:48:00.801648,student,105
450,20,408,shortlisted,2025-10-13 21:48:00.801651,admin,105
451,68,326,applied,2025-11-07 21:48:00.801655,admin,105
452,159,782,applied,2026-02-19 21:48:00.801658,admin,103
453,91,953,applied,2025-09-28 21:48:00.801661,admin,101
454,183,786,applied,2025-11-22 21:48:00.801665,student,104
455,52,394,selected,2026-02-19 21:48:00.801668,student,102
456,57,971,applied,2025-10-15 21:48:00.801672,alumni,101
457,7,444,applied,2026-02-15 21:48:00.801675,alumni,102
458,147,165,applied,2025-11-01 21:48:00.801682,alumni,103
459,80,715,rejected,2025-10-28 21:48:00.801686,admin,103
460,79,918,selected,2025-12-08 21:48:00.801689,alumni,103
461,44,680,applied,2025-10-12 21:48:00.801692,admin,105
462,121,917,selected,2025-10-02 21:48:00.801696,student,103
463,184,797,applied,2026-02-16 21:48:00.801699,admin,101
464,118,993,rejected,2025-09-06 21:48:00.801702,admin,102
465,133,128,selected,2025-09-25 21:48:00.801706,admin,103
466,76,101,shortlisted,2026-01-27 21:48:00.801709,alumni,105
467,152,94,rejected,2025-10-19 21:48:00.801713,admin,104
468,193,102,applied,2026-02-13 21:48:00.801716,student,102
469,163,350,applied,2026-02-26 21:48:00.801719,alumni,104
470,29,322,shortlisted,2025-11-04 21:48:00.801724,alumni,101
471,97,823,rejected,2025-09-20 21:48:00.801727,alumni,103
472,16,925,applied,2026-02-10 21:48:00.801730,student,105
473,106,501,shortlisted,2025-12-06 21:48:00.801734,admin,102
474,106,938,rejected,2026-02-25 21:48:00.801738,alumni,101
475,195,929,selected,2025-12-26 21:48:00.801741,alumni,101
476,144,921,rejected,2026-01-13 21:48:00.801745,student,104
477,181,790,selected,2025-12-17 21:48:00.801748,alumni,104
478,44,184,rejected,2026-01-04 21:48:00.801752,alumni,101
479,151,768,selected,2026-01-09 21:48:00.801756,student,101
480,24,643,applied,2026-01-04 21:48:00.801760,admin,101
481,121,343,shortlisted,2025-09-28 21:48:00.801763,admin,104
482,4,752,shortlisted,2025-09-22 21:48:00.801767,alumni,102
483,123,194,shortlisted,2026-01-21 21:48:00.801770,alumni,101
484,180,170,shortlisted,2025-10-26 21:48:00.801773,admin,102
485,189,670,applied,2025-10-01 21:48:00.801777,student,101
486,25,755,selected,2026-02-12 21:48:00.801780,admin,105
487,36,636,applied,2025-12-28 21:48:00.801783,student,102
488,156,958,applied,2025-11-07 21:48:00.801787,student,104
489,186,603,shortlisted,2025-11-25 21:48:00.801790,alumni,103
490,58,658,rejected,2025-10-31 21:48:00.801793,alumni,103
491,131,526,rejected,2025-10-19 21:48:00.801797,alumni,101
492,3,965,shortlisted,2025-12-11 21:48:00.801801,student,103
493,37,335,selected,2025-10-12 21:48:00.801805,student,102
494,10,423,rejected,2025-10-04 21:48:00.801808,student,102
495,19,4,selected,2025-11-21 21:48:00.801811,student,101
496,179,405,applied,2025-10-26 21:48:00.801814,student,105
497,49,231,applied,2025-10-10 21:48:00.801818,admin,102
498,120,162,rejected,2025-11-18 21:48:00.801821,student,104
499,64,3,shortlisted,2025-12-15 21:48:00.801825,alumni,101
500,109,698,applied,2026-01-14 21:48:00.801828,admin,104
501,72,529,rejected,2025-10-18 21:48:00.801831,admin,104
502,18,702,selected,2026-01-11 21:48:00.801834,student,105
503,184,176,rejected,2025-10-24 21:48:00.801838,alumni,102
504,98,955,applied,2025-09-02 21:48:00.801842,alumni,101
505,40,569,selected,2025-12-30 21:48:00.801845,student,104
506,34,234,applied,2025-09-06 21:48:00.801848,alumni,102
507,82,350,shortlisted,2025-12-20 21:48:00.801852,student,101
508,28,47,selected,2025-10-04 21:48:00.801855,alumni,102
509,54,94,shortlisted,2025-09-26 21:48:00.801858,admin,102
510,140,160,rejected,2025-10-12 21:48:00.801862,student,101
511,168,498,selected,2025-12-31 21:48:00.801865,student,103
512,149,736,shortlisted,2025-12-07 21:48:00.801868,student,105
513,33,149,shortlisted,2025-09-25 21:48:00.801871,student,105
514,54,605,shortlisted,2025-12-15 21:48:00.801875,alumni,103
515,27,698,rejected,2025-12-09 21:48:00.801878,student,101
516,54,670,shortlisted,2025-09-27 21:48:00.801881,alumni,104
517,176,803,shortlisted,2025-10-11 21:48:00.801885,admin,101
518,197,949,rejected,2025-09-18 21:48:00.801888,alumni,105
519,148,421,shortlisted,2026-02-16 21:48:00.801891,student,102
520,138,407,shortlisted,2025-12-26 21:48:00.801895,alumni,101
521,61,977,shortlisted,2025-10-21 21:48:00.801898,alumni,101
522,168,959,selected,2025-09-10 21:48:00.801904,admin,101
523,119,523,rejected,2025-11-06 21:48:00.801908,student,104
524,65,767,rejected,2026-02-24 21:48:00.801912,admin,104
525,117,774,shortlisted,2025-09-22 21:48:00.801915,student,102
526,97,513,applied,2025-09-18 21:48:00.801919,student,102
527,94,971,shortlisted,2026-01-20 21:48:00.801922,alumni,105
528,87,54,selected,2025-10-18 21:48:00.801925,admin,101
529,150,497,shortlisted,2025-09-04 21:48:00.801928,alumni,101
530,198,825,selected,2026-02-22 21:48:00.801932,alumni,103
531,6,148,shortlisted,2025-10-22 21:48:00.801935,student,101
532,173,630,applied,2025-09-10 21:48:00.801938,admin,102
533,160,542,applied,2025-12-17 21:48:00.801941,alumni,105
534,161,630,shortlisted,2025-09-18 21:48:00.801944,alumni,101
535,172,205,rejected,2026-01-12 21:48:00.801948,alumni,104
536,124,285,shortlisted,2026-01-22 21:48:00.801951,admin,103
537,43,522,selected,2025-10-18 21:48:00.801955,alumni,102
538,45,15,selected,2025-10-30 21:48:00.801958,admin,103
539,49,34,selected,2025-12-29 21:48:00.801961,alumni,102
540,56,985,rejected,2025-10-09 21:48:00.801964,student,105
541,140,769,rejected,2025-10-07 21:48:00.801967,admin,102
542,194,930,shortlisted,2025-10-31 21:48:00.801970,admin,101
543,157,240,selected,2025-12-15 21:48:00.801973,admin,101
544,119,392,rejected,2026-01-23 21:48:00.801976,alumni,101
545,142,970,applied,2025-10-29 21:48:00.801980,alumni,102
546,126,297,selected,2026-02-17 21:48:00.801983,admin,104
547,83,937,rejected,2026-01-06 21:48:00.801987,student,105
548,82,793,selected,2025-09-08 21:48:00.801991,alumni,103
549,174,376,selected,2025-10-12 21:48:00.801994,alumni,101
550,192,737,shortlisted,2025-12-13 21:48:00.801998,alumni,103
551,100,390,shortlisted,2026-02-26 21:48:00.802001,alumni,101
552,163,315,shortlisted,2026-01-12 21:48:00.802003,student,104
553,64,86,selected,2026-01-24 21:48:00.802007,admin,102
554,126,501,selected,2026-01-14 21:48:00.802010,student,103
555,77,929,selected,2026-01-25 21:48:00.802014,admin,101
556,132,895,selected,2025-10-14 21:48:00.802017,student,102
557,179,835,rejected,2025-10-29 21:48:00.802020,admin,101
558,82,93,selected,2025-12-16 21:48:00.802024,alumni,103
559,147,8,shortlisted,2025-11-28 21:48:00.802027,admin,103
560,36,976,rejected,2026-02-03 21:48:00.802030,student,105
561,65,805,rejected,2025-10-03 21:48:00.802033,alumni,105
562,193,235,applied,2025-12-26 21:48:00.802036,student,105
563,93,524,shortlisted,2026-01-12 21:48:00.802039,admin,104
564,77,443,rejected,2026-01-23 21:48:00.802042,admin,101
565,140,172,shortlisted,2026-01-13 21:48:00.802046,admin,102
566,93,47,applied,2026-01-01 21:48:00.802049,alumni,102
567,46,677,rejected,2026-02-18 21:48:00.802052,alumni,104
568,183,844,rejected,2025-12-31 21:48:00.802056,alumni,101
569,10,716,shortlisted,2025-10-14 21:48:00.802059,student,102
570,194,727,selected,2025-12-12 21:48:00.802063,student,104
571,95,249,selected,2026-01-14 21:48:00.802066,student,104
572,182,845,selected,2025-12-06 21:48:00.802069,admin,101
573,92,475,rejected,2025-09-06 21:48:00.802072,student,101
574,144,738,selected,2025-12-16 21:48:00.802076,admin,105
575,33,754,rejected,2025-12-28 21:48:00.802079,student,104
576,91,741,applied,2025-10-11 21:48:00.802082,student,102
577,148,959,applied,2026-02-09 21:48:00.802086,admin,105
578,194,94,shortlisted,2026-01-01 21:48:00.802089,student,102
579,180,691,applied,2025-09-01 21:48:00.802092,admin,102
580,49,868,applied,2025-12-05 21:48:00.802095,student,103
581,173,811,applied,2025-09-02 21:48:00.802098,admin,103
582,119,290,shortlisted,2025-12-16 21:48:00.802102,alumni,101
583,55,113,shortlisted,2025-12-16 21:48:00.802105,admin,104
584,83,827,rejected,2026-01-21 21:48:00.802108,student,104
585,30,596,rejected,2025-11-16 21:48:00.802112,alumni,101
586,147,504,applied,2026-01-15 21:48:00.802115,student,104
587,146,482,applied,2025-12-23 21:48:00.802118,alumni,101
588,133,619,applied,2025-08-30 21:48:00.802121,student,101
589,82,750,applied,2025-10-07 21:48:00.802124,alumni,102
590,58,364,selected,2025-09-29 21:48:00.802128,admin,102
591,145,925,rejected,2026-02-18 21:48:00.802131,alumni,104
592,143,616,shortlisted,2025-09-01 21:48:00.802135,student,102
593,29,4,rejected,2026-01-23 21:48:00.802138,student,101
594,11,692,applied,2026-02-13 21:48:00.802145,alumni,101
595,102,671,rejected,2025-11-18 21:48:00.802149,admin,103
596,13,197,rejected,2025-12-30 21:48:00.802152,admin,101
597,21,532,rejected,2026-02-03 21:48:00.802156,alumni,104
598,151,680,shortlisted,2025-10-25 21:48:00.802159,student,103
599,138,554,rejected,2026-02-03 21:48:00.802162,student,103
600,118,423,rejected,2025-09-18 21:48:00.802165,admin,101
601,86,986,shortlisted,2026-01-08 21:48:00.802169,student,101
602,30,419,shortlisted,2025-12-30 21:48:00.802172,alumni,104
603,31,33,shortlisted,2025-11-30 21:48:00.802175,alumni,101
604,80,634,selected,2025-09-08 21:48:00.802178,alumni,104
605,78,430,selected,2025-09-06 21:48:00.802181,alumni,104
606,196,984,selected,2025-12-24 21:48:00.802185,alumni,103
607,111,305,selected,2025-12-08 21:48:00.802188,alumni,105
608,168,615,selected,2025-09-19 21:48:00.802192,student,101
609,123,559,shortlisted,2026-01-23 21:48:00.802195,student,103
610,12,184,shortlisted,2025-12-07 21:48:00.802198,admin,103
611,52,832,rejected,2026-01-12 21:48:00.802201,admin,101
612,25,911,rejected,2026-01-19 21:48:00.802205,student,101
613,188,995,applied,2025-11-11 21:48:00.802208,student,103
614,87,328,shortlisted,2026-01-01 21:48:00.802212,alumni,103
615,26,279,selected,2025-09-02 21:48:00.802215,admin,101
616,179,408,shortlisted,2025-12-20 21:48:00.802218,admin,104
617,46,689,applied,2025-12-30 21:48:00.802221,alumni,101
618,103,466,selected,2025-11-29 21:48:00.802225,student,105
619,173,859,shortlisted,2026-01-02 21:48:00.802228,admin,105
620,16,658,shortlisted,2025-12-06 21:48:00.802231,student,102
621,115,172,selected,2026-02-18 21:48:00.802234,alumni,105
622,37,738,rejected,2025-10-30 21:48:00.802238,admin,104
623,25,728,rejected,2025-10-23 21:48:00.802241,student,102
624,174,844,shortlisted,2026-01-28 21:48:00.802244,student,105
625,48,212,applied,2025-09-20 21:48:00.802248,alumni,101
626,92,298,shortlisted,2025-10-06 21:48:00.802251,alumni,101
627,118,899,shortlisted,2025-11-02 21:48:00.802254,admin,101
628,146,528,applied,2025-11-13 21:48:00.802257,student,102
629,141,916,selected,2025-12-03 21:48:00.802260,admin,105
630,186,170,selected,2025-12-19 21:48:00.802264,admin,105
631,162,626,selected,2025-10-14 21:48:00.802267,alumni,105
632,31,235,applied,2026-02-01 21:48:00.802270,admin,105
633,134,633,rejected,2025-09-14 21:48:00.802273,student,103
634,104,578,shortlisted,2026-01-04 21:48:00.802277,admin,101
635,101,686,rejected,2026-01-05 21:48:00.802280,admin,103
636,92,604,rejected,2025-09-19 21:48:00.802284,alumni,103
637,25,225,shortlisted,2025-10-13 21:48:00.802287,student,102
638,4,487,selected,2025-12-01 21:48:00.802290,student,105
639,157,635,applied,2025-12-07 21:48:00.802294,alumni,102
640,95,761,applied,2026-02-21 21:48:00.802297,admin,103
641,90,611,selected,2026-02-24 21:48:00.802300,alumni,102
642,175,933,selected,2026-01-18 21:48:00.802304,admin,101
643,84,134,shortlisted,2026-01-03 21:48:00.802307,alumni,105
644,132,609,rejected,2025-09-20 21:48:00.802311,admin,105
645,123,379,shortlisted,2025-12-01 21:48:00.802314,alumni,103
646,110,794,applied,2025-11-01 21:48:00.802317,student,105
647,81,19,rejected,2026-01-30 21:48:00.802321,student,105
648,158,286,selected,2025-12-25 21:48:00.802325,student,103
649,68,854,rejected,2025-12-23 21:48:00.802328,student,102
650,195,162,rejected,2025-11-18 21:48:00.802330,student,103
651,175,398,rejected,2026-02-04 21:48:00.802333,student,104
652,14,454,shortlisted,2025-09-11 21:48:00.802336,alumni,104
653,101,637,selected,2025-11-27 21:48:00.802340,student,105
654,119,477,shortlisted,2025-10-29 21:48:00.802344,student,105
655,62,179,selected,2026-01-04 21:48:00.802347,admin,105
656,177,900,applied,2025-12-26 21:48:00.802350,admin,103
657,198,450,applied,2025-12-05 21:48:00.802354,alumni,104
658,76,399,selected,2025-09-10 21:48:00.802357,alumni,104
659,166,117,selected,2026-02-14 21:48:00.802360,admin,102
660,170,163,selected,2025-12-08 21:48:00.802364,admin,102
661,96,978,shortlisted,2026-02-24 21:48:00.802368,student,103
662,181,663,selected,2025-12-07 21:48:00.802371,admin,101
663,159,931,rejected,2025-12-12 21:48:00.802375,alumni,105
664,54,763,rejected,2025-09-15 21:48:00.802378,admin,101
665,200,304,applied,2025-09-07 21:48:00.802381,student,102
666,86,680,rejected,2026-02-08 21:48:00.802384,admin,102
667,22,968,selected,2026-02-13 21:48:00.802387,admin,104
668,13,212,shortlisted,2025-11-01 21:48:00.802391,admin,101
669,198,951,shortlisted,2025-10-12 21:48:00.802394,alumni,105
670,165,161,rejected,2025-12-03 21:48:00.802397,alumni,104
671,183,753,selected,2026-02-07 21:48:00.802400,alumni,105
672,172,869,shortlisted,2025-12-07 21:48:00.802403,alumni,101
673,40,206,shortlisted,2025-10-09 21:48:00.802407,admin,102
674,190,578,selected,2025-09-11 21:48:00.802417,student,105
675,47,48,selected,2025-12-03 21:48:00.802421,admin,104
676,151,737,selected,2026-01-25 21:48:00.802424,student,105
677,22,656,shortlisted,2025-12-19 21:48:00.802428,admin,103
678,120,8,shortlisted,2026-01-10 21:48:00.802431,student,102
679,101,824,rejected,2026-02-12 21:48:00.802434,student,105
680,153,198,selected,2026-01-30 21:48:00.802438,student,104
681,116,756,shortlisted,2025-12-18 21:48:00.802441,student,101
682,66,954,selected,2025-11-15 21:48:00.802444,alumni,103
683,69,555,rejected,2025-12-08 21:48:00.802447,student,105
684,183,713,selected,2025-09-24 21:48:00.802450,alumni,105
685,143,70,selected,2025-12-30 21:48:00.802453,admin,103
686,97,663,applied,2025-12-20 21:48:00.802457,student,102
687,191,400,rejected,2026-02-21 21:48:00.802460,alumni,101
688,17,1,rejected,2025-12-21 21:48:00.802464,alumni,104
689,76,848,applied,2026-01-25 21:48:00.802516,student,103
690,127,291,selected,2025-11-15 21:48:00.802521,admin,105
691,49,241,shortlisted,2026-01-27 21:48:00.802524,admin,105
692,65,466,applied,2026-01-27 21:48:00.802527,student,103
693,189,248,rejected,2026-02-13 21:48:00.802531,alumni,104
694,115,559,selected,2025-09-04 21:48:00.802534,admin,105
695,146,580,selected,2025-09-12 21:48:00.802537,student,105
696,55,604,selected,2025-09-04 21:48:00.802540,alumni,105
697,71,468,applied,2025-08-30 21:48:00.802543,admin,102
698,134,545,rejected,2025-10-06 21:48:00.802548,alumni,104
699,84,421,applied,2025-09-13 21:48:00.802551,alumni,105
700,102,706,rejected,2025-11-15 21:48:00.802555,student,104
701,19,257,selected,2025-11-05 21:48:00.802558,student,101
702,61,296,rejected,2025-10-30 21:48:00.802562,student,102
703,190,726,applied,2025-10-13 21:48:00.802565,admin,101
704,157,816,selected,2025-12-24 21:48:00.802568,alumni,101
705,119,757,applied,2025-11-28 21:48:00.802571,student,105
706,1,106,selected,2026-02-16 21:48:00.802574,student,101
707,11,419,rejected,2025-10-12 21:48:00.802577,alumni,104
708,63,280,selected,2026-02-17 21:48:00.802580,student,104
709,128,304,selected,2025-12-15 21:48:00.802583,student,102
710,139,504,rejected,2025-11-20 21:48:00.802587,alumni,102
711,145,886,applied,2026-01-30 21:48:00.802590,admin,102
712,20,582,rejected,2026-02-25 21:48:00.802593,admin,104
713,163,833,applied,2025-09-15 21:48:00.802597,student,102
714,6,13,applied,2026-01-28 21:48:00.802600,admin,104
715,66,74,shortlisted,2025-12-16 21:48:00.802603,alumni,101
716,128,406,shortlisted,2025-10-17 21:48:00.802606,admin,101
717,7,598,rejected,2025-09-24 21:48:00.802610,student,101
718,61,115,selected,2026-02-24 21:48:00.802614,alumni,102
719,121,663,selected,2025-10-14 21:48:00.802616,admin,104
720,13,834,shortlisted,2025-10-27 21:48:00.802620,admin,102
721,17,832,applied,2026-01-21 21:48:00.802623,student,103
722,39,386,rejected,2025-10-29 21:48:00.802626,alumni,105
723,48,59,rejected,2025-12-09 21:48:00.802629,admin,102
724,34,966,rejected,2025-11-16 21:48:00.802632,alumni,102
725,64,341,rejected,2026-01-25 21:48:00.802636,alumni,101
726,163,439,selected,2026-02-14 21:48:00.802639,student,104
727,124,759,selected,2025-09-02 21:48:00.802642,alumni,102
728,45,787,selected,2025-09-25 21:48:00.802646,admin,102
729,103,109,rejected,2025-09-16 21:48:00.802649,student,103
730,66,480,selected,2025-11-22 21:48:00.802652,admin,104
731,54,959,rejected,2026-01-30 21:48:00.802655,alumni,101
732,164,121,selected,2025-12-28 21:48:00.802659,admin,103
733,129,723,rejected,2025-11-04 21:48:00.802662,student,104
734,144,774,applied,2025-11-25 21:48:00.802665,alumni,102
735,99,78,rejected,2025-12-24 21:48:00.802668,admin,105
736,6,564,applied,2025-11-16 21:48:00.802671,student,102
737,168,977,selected,2025-09-04 21:48:00.802675,student,101
738,154,350,rejected,2026-01-22 21:48:00.802678,admin,103
739,63,781,selected,2025-11-27 21:48:00.802681,student,105
740,30,954,shortlisted,2025-10-12 21:48:00.802684,admin,101
741,104,521,rejected,2025-11-28 21:48:00.802687,admin,104
742,185,896,rejected,2026-01-26 21:48:00.802690,student,101
743,74,228,shortlisted,2025-09-15 21:48:00.802693,admin,103
744,92,335,shortlisted,2025-11-24 21:48:00.802697,student,101
745,57,336,selected,2026-01-05 21:48:00.802700,admin,104
746,167,635,rejected,2025-10-07 21:48:00.802704,alumni,104
747,58,877,shortlisted,2025-09-05 21:48:00.802707,admin,101
748,94,454,shortlisted,2026-02-17 21:48:00.802710,student,102
749,34,506,shortlisted,2025-09-15 21:48:00.802714,student,105
750,168,942,shortlisted,2026-01-02 21:48:00.802717,admin,102
751,155,905,selected,2025-09-26 21:48:00.802720,admin,102
752,143,365,rejected,2025-11-27 21:48:00.802724,student,105
753,78,74,rejected,2025-10-15 21:48:00.802727,admin,104
754,123,674,shortlisted,2025-09-25 21:48:00.802731,admin,103
755,82,718,applied,2025-09-09 21:48:00.802734,student,105
756,120,587,selected,2025-10-14 21:48:00.802738,student,104
757,176,942,rejected,2026-01-26 21:48:00.802741,alumni,103
758,98,349,shortlisted,2025-12-25 21:48:00.802744,student,104
759,102,735,applied,2026-02-16 21:48:00.802747,student,101
760,12,665,selected,2025-12-27 21:48:00.802751,student,104
761,143,951,shortlisted,2025-11-27 21:48:00.802754,alumni,101
762,101,663,rejected,2025-09-28 21:48:00.802785,student,105
763,15,248,rejected,2026-01-10 21:48:00.802789,alumni,104
764,67,727,selected,2025-10-09 21:48:00.802792,alumni,101
765,95,656,rejected,2025-09-22 21:48:00.802795,alumni,102
766,178,484,shortlisted,2025-12-03 21:48:00.802798,admin,105
767,161,602,selected,2025-10-28 21:48:00.802802,alumni,102
768,108,353,rejected,2025-12-26 21:48:00.802805,alumni,104
769,102,927,rejected,2025-12-03 21:48:00.802809,student,103
770,23,999,selected,2025-10-03 21:48:00.802812,student,104
771,143,550,applied,2026-01-26 21:48:00.802815,student,105
772,109,447,selected,2025-12-08 21:48:00.802819,alumni,102
773,83,470,applied,2025-11-27 21:48:00.802822,admin,105
774,89,757,rejected,2026-02-23 21:48:00.802825,student,102
775,28,124,applied,2025-11-04 21:48:00.802828,student,102
776,168,763,selected,2025-11-20 21:48:00.802832,alumni,105
777,107,615,rejected,2025-08-30 21:48:00.802835,admin,102
778,9,141,rejected,2026-02-10 21:48:00.802839,alumni,105
779,157,257,shortlisted,2025-10-09 21:48:00.802842,student,103
780,192,467,shortlisted,2026-01-19 21:48:00.802846,alumni,105
781,105,418,applied,2025-12-06 21:48:00.802850,alumni,103
782,17,190,shortlisted,2026-01-16 21:48:00.802853,admin,105
783,83,238,applied,2026-01-26 21:48:00.802856,student,105
784,189,85,selected,2026-01-30 21:48:00.802860,alumni,103
785,175,731,applied,2026-01-17 21:48:00.802864,alumni,101
786,14,4,selected,2025-12-29 21:48:00.802867,student,102
787,33,553,rejected,2026-01-18 21:48:00.802870,admin,102
788,185,838,rejected,2025-09-12 21:48:00.802874,admin,103
789,140,260,shortlisted,2026-02-25 21:48:00.802877,admin,102
790,104,903,selected,2026-01-22 21:48:00.802880,admin,103
791,57,933,rejected,2026-01-30 21:48:00.802883,admin,103
792,178,411,selected,2025-11-07 21:48:00.802887,alumni,101
793,53,933,rejected,2025-10-27 21:48:00.802890,admin,104
794,111,750,rejected,2025-10-24 21:48:00.802893,admin,104
795,126,402,applied,2025-09-21 21:48:00.802897,alumni,102
796,186,29,applied,2025-12-06 21:48:00.802900,admin,103
797,145,572,shortlisted,2025-09-12 21:48:00.802903,student,105
798,90,283,shortlisted,2025-09-06 21:48:00.802907,student,104
799,126,290,shortlisted,2025-12-19 21:48:00.802910,student,102
800,143,31,selected,2025-10-12 21:48:00.802913,alumni,101
