event_id,user_id,event_name,timestamp
1,217,comment,2026-03-09 17:04:10.174417
2,660,apply,2026-03-11 17:04:10.174474
3,650,comment,2026-03-24 17:04:10.174481
4,91,post,2026-03-11 17:04:10.174484
5,739,post,2026-02-25 17:04:10.174486
6,662,apply,2026-03-06 17:04:10.174489
7,64,login,2026-03-23 17:04:10.174491
8,271,apply,2026-02-13 17:04:10.174494
9,756,comment,2026-02-17 17:04:10.174496
10,331,login,2026-02-03 17:04:10.174499
11,683,post,2026-04-01 17:04:10.174501
12,946,post,2026-02-28 17:04:10.174503
13,213,post,2026-03-26 17:04:10.174505
14,818,post,2026-03-06 17:04:10.174507
15,579,comment,2026-02-06 17:04:10.174508
16,82,post,2026-03-24 17:04:10.174511
17,57,comment,2026-03-14 17:04:10.174513
18,889,apply,2026-03-10 17:04:10.174515
19,971,login,2026-02-16 17:04:10.174517
20,439,apply,2026-02-19 17:04:10.174519
21,901,post,2026-03-15 17:04:10.174521
22,585,post,2026-02-28 17:04:10.174523
23,459,apply,2026-02-25 17:04:10.174525
24,731,post,2026-04-01 17:04:10.174527
25,33,apply,2026-03-20 17:04:10.174529
26,545,login,2026-03-09 17:04:10.174531
27,184,post,2026-03-17 17:04:10.174533
28,295,comment,2026-03-13 17:04:10.174535
29,434,apply,2026-03-12 17:04:10.174537
30,88,comment,2026-03-10 17:04:10.174539
31,96,login,2026-02-27 17:04:10.174541
32,768,post,2026-02-08 17:04:10.174542
33,209,comment,2026-02-26 17:04:10.174545
34,53,post,2026-03-21 17:04:10.174549
35,130,comment,2026-02-22 17:04:10.174550
36,87,apply,2026-04-03 17:04:10.174552
37,56,comment,2026-03-10 17:04:10.174555
38,966,apply,2026-02-20 17:04:10.174557
39,179,login,2026-02-17 17:04:10.174559
40,41,post,2026-03-14 17:04:10.174560
41,546,login,2026-03-21 17:04:10.174562
42,770,apply,2026-02-22 17:04:10.174564
43,616,apply,2026-03-24 17:04:10.174566
44,572,post,2026-04-03 17:04:10.174567
45,815,post,2026-02-25 17:04:10.174569
46,931,comment,2026-02-11 17:04:10.174570
47,764,comment,2026-03-12 17:04:10.174572
48,450,login,2026-03-28 17:04:10.174573
49,408,login,2026-02-08 17:04:10.174575
50,821,login,2026-03-26 17:04:10.174576
51,539,login,2026-02-05 17:04:10.174578
52,502,apply,2026-03-07 17:04:10.174579
53,652,apply,2026-03-24 17:04:10.174581
54,424,login,2026-02-17 17:04:10.174585
55,124,comment,2026-02-07 17:04:10.174586
56,9,login,2026-03-31 17:04:10.174588
57,552,login,2026-02-04 17:04:10.174589
58,642,comment,2026-03-21 17:04:10.174591
59,475,comment,2026-03-09 17:04:10.174592
60,593,comment,2026-03-02 17:04:10.174594
61,613,comment,2026-03-06 17:04:10.174595
62,622,comment,2026-03-31 17:04:10.174597
63,460,comment,2026-02-27 17:04:10.174598
64,882,login,2026-03-05 17:04:10.174600
65,313,apply,2026-03-30 17:04:10.174601
66,270,post,2026-02-21 17:04:10.174607
67,244,post,2026-03-19 17:04:10.174608
68,273,apply,2026-03-24 17:04:10.174610
69,226,login,2026-03-01 17:04:10.174611
70,808,comment,2026-02-11 17:04:10.174613
71,258,comment,2026-04-02 17:04:10.174614
72,531,post,2026-03-08 17:04:10.174616
73,348,comment,2026-03-16 17:04:10.174617
74,160,login,2026-03-24 17:04:10.174619
75,764,comment,2026-02-25 17:04:10.174621
76,518,apply,2026-03-23 17:04:10.174623
77,830,post,2026-02-14 17:04:10.174624
78,500,apply,2026-02-17 17:04:10.174632
79,29,apply,2026-02-08 17:04:10.174634
80,688,comment,2026-03-08 17:04:10.174635
81,740,apply,2026-04-03 17:04:10.174637
82,258,login,2026-02-23 17:04:10.174639
83,98,login,2026-02-12 17:04:10.174640
84,446,post,2026-03-06 17:04:10.174642
85,514,comment,2026-02-19 17:04:10.174643
86,579,apply,2026-03-05 17:04:10.174645
87,458,comment,2026-02-08 17:04:10.174646
88,177,login,2026-04-02 17:04:10.174648
89,241,apply,2026-02-25 17:04:10.174650
90,937,login,2026-03-12 17:04:10.174652
91,908,comment,2026-02-15 17:04:10.174653
92,591,comment,2026-03-18 17:04:10.174655
93,529,post,2026-03-03 17:04:10.174656
94,36,apply,2026-02-15 17:04:10.174660
95,330,apply,2026-02-21 17:04:10.174661
96,858,apply,2026-02-25 17:04:10.174663
97,42,apply,2026-03-01 17:04:10.174665
98,242,login,2026-02-06 17:04:10.174667
99,344,login,2026-03-04 17:04:10.174669
100,883,login,2026-03-28 17:04:10.174670
101,495,login,2026-02-16 17:04:10.174672
102,123,login,2026-03-31 17:04:10.174674
103,624,login,2026-03-09 17:04:10.174675
104,405,login,2026-03-11 17:04:10.174677
105,464,login,2026-02-14 17:04:10.174679
106,438,post,2026-03-20 17:04:10.174680
107,208,comment,2026-03-10 17:04:10.174682
108,162,login,2026-03-07 17:04:10.174683
109,747,apply,2026-02-22 17:04:10.174685
110,41,apply,2026-02-19 17:04:10.174689
111,272,login,2026-02-28 17:04:10.174691
112,131,apply,2026-02-04 17:04:10.174692
113,720,comment,2026-04-01 17:04:10.174694
114,759,comment,2026-02-28 17:04:10.174695
115,288,post,2026-03-05 17:04:10.174697
116,119,apply,2026-03-18 17:04:10.174698
117,987,comment,2026-02-26 17:04:10.174700
118,76,login,2026-02-07 17:04:10.174702
119,438,apply,2026-02-20 17:04:10.174704
120,96,login,2026-02-22 17:04:10.174706
121,758,comment,2026-02-04 17:04:10.174719
122,386,post,2026-03-15 17:04:10.174720
123,644,comment,2026-03-04 17:04:10.174722
124,93,post,2026-02-14 17:04:10.174723
125,111,comment,2026-02-04 17:04:10.174725
126,496,post,2026-02-13 17:04:10.174727
127,310,post,2026-02-04 17:04:10.174728
128,129,login,2026-03-14 17:04:10.174730
129,583,post,2026-03-30 17:04:10.174732
130,45,apply,2026-02-14 17:04:10.174736
131,291,post,2026-03-05 17:04:10.174738
132,268,comment,2026-03-10 17:04:10.174740
133,306,comment,2026-02-09 17:04:10.174741
134,9,post,2026-02-09 17:04:10.174743
135,976,apply,2026-03-24 17:04:10.174745
136,270,apply,2026-02-28 17:04:10.174746
137,226,login,2026-02-02 17:04:10.174748
138,637,post,2026-03-10 17:04:10.174749
139,385,apply,2026-02-11 17:04:10.174752
140,362,comment,2026-03-10 17:04:10.174753
141,158,comment,2026-03-04 17:04:10.174755
142,779,login,2026-03-14 17:04:10.174757
143,969,comment,2026-02-18 17:04:10.174758
144,661,login,2026-02-20 17:04:10.174760
145,428,login,2026-02-18 17:04:10.174761
146,383,comment,2026-03-22 17:04:10.174763
147,237,comment,2026-02-25 17:04:10.174765
148,531,login,2026-02-26 17:04:10.174766
149,601,apply,2026-02-25 17:04:10.174768
150,704,post,2026-03-12 17:04:10.174774
151,937,comment,2026-03-31 17:04:10.174776
152,926,comment,2026-03-24 17:04:10.174778
153,162,post,2026-03-08 17:04:10.174779
154,585,comment,2026-04-01 17:04:10.174781
155,868,post,2026-03-26 17:04:10.174782
156,542,login,2026-03-07 17:04:10.174784
157,138,comment,2026-03-09 17:04:10.174785
158,270,apply,2026-03-01 17:04:10.174787
159,256,post,2026-03-10 17:04:10.174788
160,207,comment,2026-02-08 17:04:10.174790
161,402,login,2026-02-02 17:04:10.174792
162,649,post,2026-03-10 17:04:10.174794
163,673,post,2026-03-31 17:04:10.174796
164,180,comment,2026-02-16 17:04:10.174798
165,699,post,2026-02-10 17:04:10.174799
166,711,login,2026-02-15 17:04:10.174801
167,531,comment,2026-03-08 17:04:10.174803
168,149,apply,2026-03-02 17:04:10.174804
169,803,post,2026-04-03 17:04:10.174806
170,796,comment,2026-02-06 17:04:10.174807
171,465,login,2026-03-10 17:04:10.174809
172,586,login,2026-02-17 17:04:10.174810
173,415,login,2026-03-09 17:04:10.174812
174,469,comment,2026-02-04 17:04:10.174818
175,426,apply,2026-03-30 17:04:10.174820
176,485,post,2026-02-12 17:04:10.174821
177,315,post,2026-03-06 17:04:10.174823
178,588,comment,2026-03-23 17:04:10.174824
179,944,login,2026-02-28 17:04:10.174826
180,725,login,2026-03-28 17:04:10.174828
181,610,apply,2026-02-18 17:04:10.174829
182,560,apply,2026-02-09 17:04:10.174831
183,682,login,2026-03-18 17:04:10.174833
184,943,post,2026-02-07 17:04:10.174834
185,417,comment,2026-03-09 17:04:10.174836
186,876,post,2026-03-01 17:04:10.174837
187,305,apply,2026-02-08 17:04:10.174839
188,364,comment,2026-03-22 17:04:10.174841
189,447,comment,2026-02-27 17:04:10.174842
190,499,comment,2026-02-04 17:04:10.174844
191,715,comment,2026-03-02 17:04:10.174846
192,698,apply,2026-02-18 17:04:10.174847
193,51,apply,2026-02-03 17:04:10.174853
194,375,login,2026-03-30 17:04:10.174854
195,659,login,2026-02-18 17:04:10.174856
196,414,post,2026-02-17 17:04:10.174857
197,435,apply,2026-03-16 17:04:10.174859
198,688,login,2026-02-03 17:04:10.174861
199,267,login,2026-03-25 17:04:10.174862
200,424,comment,2026-02-21 17:04:10.174864
201,431,login,2026-03-06 17:04:10.174866
202,662,apply,2026-03-18 17:04:10.174869
203,177,login,2026-03-15 17:04:10.174871
204,9,login,2026-03-04 17:04:10.174872
205,307,comment,2026-02-15 17:04:10.174874
206,231,post,2026-03-08 17:04:10.174876
207,30,apply,2026-03-22 17:04:10.174878
208,144,apply,2026-03-06 17:04:10.174879
209,302,post,2026-02-15 17:04:10.174881
210,695,apply,2026-03-19 17:04:10.174882
211,708,post,2026-03-02 17:04:10.174884
212,396,comment,2026-02-08 17:04:10.174886
213,293,apply,2026-03-07 17:04:10.174888
214,314,login,2026-02-15 17:04:10.174890
215,583,login,2026-03-12 17:04:10.174892
216,571,login,2026-03-11 17:04:10.174894
217,592,login,2026-02-02 17:04:10.174896
218,381,apply,2026-04-02 17:04:10.174897
219,804,apply,2026-03-21 17:04:10.174899
220,369,comment,2026-02-22 17:04:10.174901
221,852,apply,2026-03-17 17:04:10.174903
222,688,comment,2026-03-24 17:04:10.174905
223,218,comment,2026-03-17 17:04:10.174907
224,247,apply,2026-03-21 17:04:10.174909
225,309,post,2026-02-19 17:04:10.174911
226,519,apply,2026-02-05 17:04:10.174912
227,184,post,2026-03-20 17:04:10.174914
228,359,post,2026-03-09 17:04:10.174916
229,680,comment,2026-03-17 17:04:10.174917
230,17,post,2026-02-05 17:04:10.174919
231,854,login,2026-02-15 17:04:10.174921
232,659,login,2026-02-28 17:04:10.174922
233,897,post,2026-02-07 17:04:10.174924
234,994,comment,2026-02-20 17:04:10.174930
235,401,apply,2026-02-05 17:04:10.174932
236,782,login,2026-02-02 17:04:10.174934
237,370,login,2026-02-16 17:04:10.174935
238,914,comment,2026-03-01 17:04:10.174937
239,284,login,2026-03-22 17:04:10.174938
240,1,apply,2026-02-10 17:04:10.174940
241,83,apply,2026-02-18 17:04:10.174941
242,349,comment,2026-03-13 17:04:10.174943
243,553,post,2026-04-03 17:04:10.174945
244,804,apply,2026-02-18 17:04:10.174946
245,893,apply,2026-02-24 17:04:10.174949
246,944,comment,2026-02-12 17:04:10.174951
247,744,login,2026-03-12 17:04:10.174953
248,938,comment,2026-03-13 17:04:10.174955
249,211,post,2026-03-15 17:04:10.174956
250,542,login,2026-03-12 17:04:10.174958
251,631,comment,2026-03-26 17:04:10.174960
252,192,apply,2026-03-10 17:04:10.174962
253,318,post,2026-03-15 17:04:10.174964
254,891,apply,2026-03-24 17:04:10.174965
255,557,post,2026-02-02 17:04:10.174967
256,525,post,2026-03-02 17:04:10.174969
257,502,login,2026-02-19 17:04:10.174971
258,29,login,2026-03-25 17:04:10.174973
259,650,login,2026-02-27 17:04:10.174975
260,95,apply,2026-03-16 17:04:10.174977
261,944,post,2026-03-27 17:04:10.174978
262,599,comment,2026-03-26 17:04:10.174980
263,119,apply,2026-03-06 17:04:10.174982
264,573,apply,2026-03-07 17:04:10.174985
265,26,post,2026-02-09 17:04:10.174986
266,447,apply,2026-03-16 17:04:10.174988
267,474,apply,2026-02-09 17:04:10.174989
268,122,apply,2026-03-14 17:04:10.174991
269,645,login,2026-02-14 17:04:10.174993
270,951,comment,2026-03-26 17:04:10.175000
271,591,post,2026-03-23 17:04:10.175002
272,276,apply,2026-02-05 17:04:10.175004
273,818,comment,2026-03-14 17:04:10.175006
274,240,post,2026-02-19 17:04:10.175007
275,656,comment,2026-02-15 17:04:10.175009
276,199,comment,2026-03-15 17:04:10.175010
277,972,comment,2026-02-21 17:04:10.175012
278,150,comment,2026-02-20 17:04:10.175013
279,347,comment,2026-02-28 17:04:10.175015
280,747,apply,2026-03-11 17:04:10.175017
281,861,login,2026-02-22 17:04:10.175019
282,597,login,2026-03-12 17:04:10.175021
283,921,login,2026-03-27 17:04:10.175022
284,833,login,2026-02-27 17:04:10.175024
285,76,apply,2026-03-10 17:04:10.175026
286,98,login,2026-03-20 17:04:10.175028
287,845,comment,2026-03-30 17:04:10.175030
288,953,login,2026-03-28 17:04:10.175031
289,916,login,2026-03-31 17:04:10.175033
290,667,login,2026-03-31 17:04:10.175035
291,782,comment,2026-03-01 17:04:10.175036
292,944,comment,2026-04-02 17:04:10.175038
293,549,apply,2026-02-06 17:04:10.175040
294,979,apply,2026-02-08 17:04:10.175041
295,964,post,2026-03-21 17:04:10.175043
296,9,post,2026-04-02 17:04:10.175045
297,376,comment,2026-02-25 17:04:10.175047
298,803,login,2026-02-28 17:04:10.175049
299,77,login,2026-03-23 17:04:10.175051
300,712,apply,2026-04-02 17:04:10.175053
301,385,apply,2026-04-03 17:04:10.175054
302,395,apply,2026-03-18 17:04:10.175056
303,915,post,2026-02-19 17:04:10.175058
304,10,comment,2026-02-24 17:04:10.175060
305,540,apply,2026-03-15 17:04:10.175061
306,858,apply,2026-03-08 17:04:10.175063
307,235,apply,2026-02-05 17:04:10.175065
308,812,post,2026-03-24 17:04:10.175067
309,80,login,2026-03-05 17:04:10.175068
310,688,comment,2026-02-12 17:04:10.175074
311,122,comment,2026-02-25 17:04:10.175075
312,328,comment,2026-02-03 17:04:10.175077
313,169,post,2026-03-24 17:04:10.175079
314,805,post,2026-03-20 17:04:10.175080
315,966,post,2026-03-22 17:04:10.175082
316,259,login,2026-03-12 17:04:10.175084
317,316,comment,2026-02-09 17:04:10.175086
318,286,comment,2026-02-07 17:04:10.175087
319,698,login,2026-02-22 17:04:10.175089
320,538,login,2026-02-22 17:04:10.175091
321,661,login,2026-03-22 17:04:10.175092
322,951,post,2026-02-14 17:04:10.175094
323,432,comment,2026-04-03 17:04:10.175096
324,844,post,2026-03-17 17:04:10.175098
325,449,comment,2026-03-13 17:04:10.175100
326,871,apply,2026-03-09 17:04:10.175102
327,655,login,2026-03-06 17:04:10.175104
328,204,post,2026-02-24 17:04:10.175105
329,949,apply,2026-02-04 17:04:10.175107
330,191,login,2026-03-04 17:04:10.175109
331,690,comment,2026-03-25 17:04:10.175111
332,318,comment,2026-03-16 17:04:10.175113
333,419,post,2026-02-11 17:04:10.175115
334,49,apply,2026-03-07 17:04:10.175116
335,398,comment,2026-03-22 17:04:10.175118
336,810,post,2026-03-10 17:04:10.175120
337,741,apply,2026-02-05 17:04:10.175122
338,936,login,2026-03-03 17:04:10.175123
339,538,post,2026-03-17 17:04:10.175124
340,305,comment,2026-04-02 17:04:10.175126
341,995,login,2026-04-02 17:04:10.175128
342,922,apply,2026-02-26 17:04:10.175129
343,717,post,2026-03-14 17:04:10.175131
344,985,login,2026-03-31 17:04:10.175133
345,370,login,2026-02-21 17:04:10.175135
346,88,comment,2026-03-26 17:04:10.175136
347,639,post,2026-03-10 17:04:10.175138
348,674,login,2026-02-23 17:04:10.175140
349,347,post,2026-02-25 17:04:10.175141
350,617,apply,2026-02-26 17:04:10.175143
351,872,login,2026-02-02 17:04:10.175145
352,485,login,2026-03-19 17:04:10.175146
353,395,post,2026-03-12 17:04:10.175149
354,523,apply,2026-02-12 17:04:10.175157
355,356,apply,2026-02-06 17:04:10.175159
356,295,login,2026-03-24 17:04:10.175161
357,877,comment,2026-03-07 17:04:10.175162
358,851,comment,2026-02-13 17:04:10.175164
359,1,post,2026-02-21 17:04:10.175166
360,692,login,2026-02-04 17:04:10.175168
361,123,comment,2026-02-17 17:04:10.175169
362,828,post,2026-02-06 17:04:10.175171
363,646,post,2026-03-27 17:04:10.175173
364,157,apply,2026-03-03 17:04:10.175175
365,330,comment,2026-03-22 17:04:10.175176
366,249,apply,2026-03-25 17:04:10.175178
367,931,comment,2026-02-11 17:04:10.175180
368,887,login,2026-03-23 17:04:10.175182
369,823,comment,2026-03-26 17:04:10.175183
370,224,apply,2026-03-24 17:04:10.175185
371,601,apply,2026-02-16 17:04:10.175187
372,969,comment,2026-03-30 17:04:10.175188
373,431,login,2026-03-16 17:04:10.175190
374,669,login,2026-02-10 17:04:10.175192
375,312,comment,2026-02-04 17:04:10.175194
376,692,comment,2026-02-16 17:04:10.175196
377,735,login,2026-03-27 17:04:10.175198
378,181,login,2026-02-12 17:04:10.175199
379,519,login,2026-02-14 17:04:10.175201
380,689,post,2026-03-31 17:04:10.175203
381,640,login,2026-04-03 17:04:10.175204
382,951,post,2026-04-02 17:04:10.175303
383,704,post,2026-02-09 17:04:10.175338
384,360,comment,2026-03-24 17:04:10.175341
385,391,comment,2026-03-28 17:04:10.175345
386,591,comment,2026-02-04 17:04:10.175346
387,514,apply,2026-02-26 17:04:10.175349
388,1000,login,2026-02-11 17:04:10.175351
389,902,apply,2026-03-26 17:04:10.175352
390,549,post,2026-03-11 17:04:10.175355
391,303,comment,2026-02-21 17:04:10.175357
392,35,apply,2026-04-02 17:04:10.175358
393,674,comment,2026-03-06 17:04:10.175360
394,336,post,2026-02-11 17:04:10.175362
395,474,login,2026-02-23 17:04:10.175363
396,90,login,2026-03-09 17:04:10.175365
397,666,comment,2026-02-05 17:04:10.175367
398,593,comment,2026-02-18 17:04:10.175369
399,83,post,2026-02-14 17:04:10.175370
400,914,apply,2026-03-04 17:04:10.175372
401,714,post,2026-03-12 17:04:10.175374
402,813,comment,2026-02-27 17:04:10.175388
403,69,login,2026-03-08 17:04:10.175390
404,653,login,2026-03-09 17:04:10.175391
405,979,comment,2026-03-29 17:04:10.175394
406,652,comment,2026-02-05 17:04:10.175395
407,759,post,2026-03-11 17:04:10.175419
408,393,comment,2026-02-27 17:04:10.175420
409,934,post,2026-02-20 17:04:10.175422
410,625,post,2026-03-11 17:04:10.175424
411,597,post,2026-03-03 17:04:10.175426
412,194,comment,2026-03-20 17:04:10.175427
413,11,login,2026-03-29 17:04:10.175432
414,511,post,2026-02-05 17:04:10.175433
415,875,login,2026-02-28 17:04:10.175435
416,519,post,2026-03-26 17:04:10.175437
417,756,login,2026-02-10 17:04:10.175439
418,400,comment,2026-02-10 17:04:10.175440
419,287,apply,2026-02-16 17:04:10.175442
420,792,login,2026-02-22 17:04:10.175443
421,318,login,2026-02-26 17:04:10.175445
422,821,comment,2026-03-21 17:04:10.175447
423,209,login,2026-02-27 17:04:10.175448
424,960,login,2026-02-27 17:04:10.175450
425,85,post,2026-03-20 17:04:10.175451
426,777,comment,2026-03-02 17:04:10.175453
427,557,login,2026-03-16 17:04:10.175455
428,733,login,2026-03-28 17:04:10.175457
429,836,apply,2026-02-25 17:04:10.175460
430,236,apply,2026-02-02 17:04:10.175462
431,462,comment,2026-02-20 17:04:10.175464
432,112,login,2026-02-16 17:04:10.175467
433,400,comment,2026-03-10 17:04:10.175469
434,426,comment,2026-03-15 17:04:10.175473
435,196,apply,2026-02-05 17:04:10.175476
436,200,post,2026-03-04 17:04:10.175479
437,601,apply,2026-03-24 17:04:10.175483
438,353,post,2026-03-28 17:04:10.175486
439,329,comment,2026-03-17 17:04:10.175489
440,381,login,2026-03-24 17:04:10.175491
441,604,post,2026-03-02 17:04:10.175494
442,95,comment,2026-03-01 17:04:10.175496
443,249,apply,2026-02-07 17:04:10.175497
444,755,post,2026-03-15 17:04:10.175500
445,343,comment,2026-03-24 17:04:10.175503
446,988,post,2026-04-01 17:04:10.175513
447,1,comment,2026-03-16 17:04:10.175517
448,697,comment,2026-02-26 17:04:10.175522
449,963,login,2026-02-22 17:04:10.175526
450,555,post,2026-03-16 17:04:10.175529
451,929,login,2026-03-21 17:04:10.175532
452,168,apply,2026-02-10 17:04:10.175533
453,29,login,2026-02-22 17:04:10.175536
454,855,login,2026-03-20 17:04:10.175539
455,200,apply,2026-02-10 17:04:10.175543
456,867,post,2026-03-10 17:04:10.175547
457,777,login,2026-03-28 17:04:10.175550
458,521,comment,2026-02-25 17:04:10.175563
459,206,comment,2026-02-04 17:04:10.175566
460,746,post,2026-02-12 17:04:10.175568
461,103,comment,2026-03-13 17:04:10.175570
462,831,post,2026-02-28 17:04:10.175574
463,917,apply,2026-02-28 17:04:10.175577
464,564,apply,2026-02-17 17:04:10.175580
465,984,post,2026-02-17 17:04:10.175583
466,791,comment,2026-03-25 17:04:10.175586
467,217,apply,2026-02-03 17:04:10.175589
468,404,comment,2026-03-09 17:04:10.175591
469,904,login,2026-04-03 17:04:10.175593
470,442,post,2026-03-16 17:04:10.175596
471,95,post,2026-03-23 17:04:10.175601
472,883,login,2026-02-27 17:04:10.175603
473,876,comment,2026-02-08 17:04:10.175607
474,972,comment,2026-03-30 17:04:10.175609
475,460,post,2026-02-24 17:04:10.175611
476,58,apply,2026-02-04 17:04:10.175614
477,127,apply,2026-03-05 17:04:10.175617
478,633,post,2026-03-18 17:04:10.175619
479,470,post,2026-03-04 17:04:10.175624
480,693,comment,2026-03-24 17:04:10.175625
481,525,comment,2026-03-29 17:04:10.175627
482,167,apply,2026-03-25 17:04:10.175628
483,563,apply,2026-03-03 17:04:10.175630
484,427,login,2026-02-15 17:04:10.175631
485,415,apply,2026-03-07 17:04:10.175632
486,248,post,2026-02-25 17:04:10.175634
487,342,apply,2026-03-08 17:04:10.175635
488,106,apply,2026-02-10 17:04:10.175640
489,233,comment,2026-02-03 17:04:10.175641
490,798,apply,2026-02-06 17:04:10.175643
491,469,post,2026-02-06 17:04:10.175645
492,7,comment,2026-02-20 17:04:10.175647
493,148,login,2026-04-03 17:04:10.175649
494,454,post,2026-02-09 17:04:10.175652
495,601,post,2026-03-12 17:04:10.175654
496,663,comment,2026-02-07 17:04:10.175656
497,817,apply,2026-03-26 17:04:10.175657
498,945,apply,2026-03-16 17:04:10.175659
499,729,post,2026-02-16 17:04:10.175661
500,570,apply,2026-02-15 17:04:10.175663
501,906,login,2026-03-16 17:04:10.175665
502,539,login,2026-02-11 17:04:10.175667
503,560,comment,2026-03-24 17:04:10.175669
504,172,apply,2026-02-03 17:04:10.175671
505,92,post,2026-03-20 17:04:10.175673
506,508,comment,2026-02-25 17:04:10.175675
507,181,login,2026-02-13 17:04:10.175678
508,226,post,2026-03-23 17:04:10.175686
509,900,post,2026-02-21 17:04:10.175688
510,163,apply,2026-02-10 17:04:10.175691
511,859,login,2026-02-10 17:04:10.175693
512,448,post,2026-03-23 17:04:10.175695
513,304,apply,2026-03-21 17:04:10.175698
514,558,login,2026-02-15 17:04:10.175700
515,281,apply,2026-02-13 17:04:10.175702
516,888,apply,2026-03-05 17:04:10.175704
517,721,comment,2026-03-07 17:04:10.175706
518,925,comment,2026-03-26 17:04:10.175707
519,2,login,2026-02-20 17:04:10.175709
520,599,login,2026-03-06 17:04:10.175711
521,651,post,2026-02-02 17:04:10.175712
522,533,login,2026-03-02 17:04:10.175724
523,487,post,2026-03-20 17:04:10.175726
524,865,comment,2026-02-07 17:04:10.175727
525,473,apply,2026-03-19 17:04:10.175729
526,136,login,2026-03-21 17:04:10.175730
527,996,comment,2026-02-27 17:04:10.175733
528,410,apply,2026-02-17 17:04:10.175734
529,830,apply,2026-04-01 17:04:10.175736
530,160,apply,2026-02-18 17:04:10.175739
531,908,login,2026-02-14 17:04:10.175741
532,960,apply,2026-03-16 17:04:10.175743
533,977,post,2026-03-20 17:04:10.175745
534,730,post,2026-03-08 17:04:10.175746
535,773,post,2026-02-24 17:04:10.175748
536,670,apply,2026-03-17 17:04:10.175751
537,523,login,2026-02-23 17:04:10.175753
538,205,post,2026-03-17 17:04:10.175756
539,634,login,2026-04-02 17:04:10.175759
540,826,comment,2026-03-11 17:04:10.175760
541,303,login,2026-02-23 17:04:10.175764
542,583,login,2026-02-11 17:04:10.175765
543,782,apply,2026-03-17 17:04:10.175767
544,437,comment,2026-03-10 17:04:10.175770
545,599,login,2026-03-04 17:04:10.175772
546,968,comment,2026-03-31 17:04:10.175773
547,147,apply,2026-02-22 17:04:10.175774
548,586,login,2026-04-03 17:04:10.175776
549,480,apply,2026-02-23 17:04:10.175778
550,475,comment,2026-02-04 17:04:10.175779
551,544,post,2026-03-12 17:04:10.175781
552,895,comment,2026-02-23 17:04:10.175782
553,813,post,2026-03-27 17:04:10.175784
554,840,comment,2026-04-03 17:04:10.175785
555,178,post,2026-03-07 17:04:10.175787
556,86,login,2026-02-24 17:04:10.175789
557,406,comment,2026-02-19 17:04:10.175791
558,33,login,2026-03-01 17:04:10.175792
559,44,apply,2026-02-28 17:04:10.175794
560,991,comment,2026-03-27 17:04:10.175796
561,669,login,2026-02-27 17:04:10.175798
562,947,apply,2026-02-07 17:04:10.175799
563,124,post,2026-04-02 17:04:10.175801
564,191,apply,2026-02-10 17:04:10.175804
565,476,post,2026-02-12 17:04:10.175807
566,777,comment,2026-02-23 17:04:10.175809
567,273,post,2026-03-30 17:04:10.175811
568,242,comment,2026-03-01 17:04:10.175812
569,368,comment,2026-02-16 17:04:10.175814
570,433,apply,2026-02-28 17:04:10.175816
571,134,post,2026-03-30 17:04:10.175818
572,769,login,2026-02-11 17:04:10.175820
573,626,login,2026-04-03 17:04:10.175821
574,259,login,2026-03-08 17:04:10.175823
575,847,apply,2026-02-26 17:04:10.175825
576,852,comment,2026-03-12 17:04:10.175827
577,624,comment,2026-04-03 17:04:10.175829
578,50,post,2026-03-19 17:04:10.175830
579,383,comment,2026-03-02 17:04:10.175831
580,624,comment,2026-02-10 17:04:10.175833
581,199,apply,2026-02-16 17:04:10.175835
582,91,comment,2026-03-07 17:04:10.175836
583,807,comment,2026-03-09 17:04:10.175838
584,802,apply,2026-04-03 17:04:10.175839
585,908,apply,2026-03-19 17:04:10.175841
586,124,login,2026-04-02 17:04:10.175842
587,586,login,2026-03-03 17:04:10.175843
588,174,apply,2026-02-14 17:04:10.175845
589,961,comment,2026-02-22 17:04:10.175847
590,422,comment,2026-02-02 17:04:10.175848
591,291,login,2026-03-15 17:04:10.175850
592,280,apply,2026-03-10 17:04:10.175851
593,156,apply,2026-02-22 17:04:10.175852
594,238,post,2026-02-28 17:04:10.175862
595,179,login,2026-03-22 17:04:10.175864
596,935,post,2026-02-11 17:04:10.175866
597,501,login,2026-03-22 17:04:10.175867
598,245,apply,2026-03-26 17:04:10.175869
599,422,comment,2026-02-11 17:04:10.175870
600,634,comment,2026-03-08 17:04:10.175872
601,890,post,2026-03-03 17:04:10.175874
602,168,login,2026-03-21 17:04:10.175875
603,514,post,2026-02-19 17:04:10.175877
604,664,apply,2026-03-21 17:04:10.175879
605,556,login,2026-02-24 17:04:10.175881
606,532,login,2026-04-02 17:04:10.175882
607,372,comment,2026-04-01 17:04:10.175884
608,129,post,2026-03-23 17:04:10.175886
609,967,apply,2026-04-01 17:04:10.175888
610,382,login,2026-04-02 17:04:10.175890
611,418,comment,2026-02-27 17:04:10.175891
612,397,comment,2026-02-22 17:04:10.175893
613,309,comment,2026-02-07 17:04:10.175894
614,698,login,2026-03-23 17:04:10.175896
615,902,login,2026-03-28 17:04:10.175898
616,563,post,2026-03-24 17:04:10.175899
617,19,comment,2026-03-19 17:04:10.175901
618,495,comment,2026-02-18 17:04:10.175903
619,677,apply,2026-02-02 17:04:10.175905
620,676,comment,2026-02-04 17:04:10.175907
621,890,post,2026-03-10 17:04:10.175908
622,37,login,2026-02-09 17:04:10.175910
623,283,post,2026-04-01 17:04:10.175912
624,1,comment,2026-03-16 17:04:10.175914
625,935,comment,2026-04-03 17:04:10.175915
626,789,post,2026-03-20 17:04:10.175917
627,664,apply,2026-03-10 17:04:10.175919
628,911,post,2026-04-03 17:04:10.175920
629,617,comment,2026-02-21 17:04:10.175921
630,723,login,2026-02-23 17:04:10.175923
631,491,apply,2026-02-23 17:04:10.175924
632,639,login,2026-02-07 17:04:10.175926
633,712,apply,2026-03-29 17:04:10.175928
634,701,post,2026-03-04 17:04:10.175930
635,979,post,2026-02-28 17:04:10.175932
636,480,apply,2026-03-24 17:04:10.175933
637,578,comment,2026-03-13 17:04:10.175934
638,281,apply,2026-03-03 17:04:10.175936
639,463,apply,2026-03-07 17:04:10.175938
640,476,login,2026-03-17 17:04:10.175940
641,78,apply,2026-03-19 17:04:10.175941
642,860,post,2026-03-16 17:04:10.175943
643,312,login,2026-02-14 17:04:10.175944
644,972,post,2026-04-01 17:04:10.175946
645,911,post,2026-04-01 17:04:10.175947
646,10,post,2026-03-02 17:04:10.175949
647,640,apply,2026-02-19 17:04:10.175950
648,30,login,2026-02-20 17:04:10.175952
649,666,comment,2026-03-02 17:04:10.175954
650,833,comment,2026-03-10 17:04:10.175955
651,623,comment,2026-03-21 17:04:10.175957
652,16,login,2026-02-10 17:04:10.175959
653,779,apply,2026-03-26 17:04:10.175960
654,912,comment,2026-02-10 17:04:10.175962
655,247,comment,2026-03-31 17:04:10.175964
656,769,comment,2026-02-20 17:04:10.175965
657,178,post,2026-02-14 17:04:10.175968
658,250,login,2026-02-17 17:04:10.175970
659,847,apply,2026-02-12 17:04:10.175972
660,961,login,2026-03-09 17:04:10.175975
661,160,apply,2026-02-18 17:04:10.175976
662,323,comment,2026-03-13 17:04:10.175997
663,665,login,2026-03-23 17:04:10.175998
664,338,post,2026-02-02 17:04:10.176000
665,189,login,2026-02-05 17:04:10.176001
666,794,comment,2026-02-03 17:04:10.176003
667,962,login,2026-03-24 17:04:10.176004
668,188,post,2026-03-13 17:04:10.176006
669,139,comment,2026-02-17 17:04:10.176008
670,800,apply,2026-03-18 17:04:10.176010
671,444,login,2026-02-24 17:04:10.176013
672,996,apply,2026-03-31 17:04:10.176014
673,40,login,2026-03-07 17:04:10.176016
674,375,login,2026-03-30 17:04:10.176026
675,439,comment,2026-02-23 17:04:10.176028
676,619,login,2026-02-24 17:04:10.176030
677,12,comment,2026-03-23 17:04:10.176032
678,234,login,2026-02-13 17:04:10.176033
679,736,post,2026-02-20 17:04:10.176035
680,722,comment,2026-03-09 17:04:10.176036
681,136,post,2026-02-05 17:04:10.176038
682,182,login,2026-03-17 17:04:10.176146
683,322,comment,2026-02-16 17:04:10.176189
684,390,comment,2026-03-27 17:04:10.176192
685,365,comment,2026-02-09 17:04:10.176194
686,370,login,2026-03-16 17:04:10.176196
687,335,login,2026-02-04 17:04:10.176198
688,573,apply,2026-03-04 17:04:10.176200
689,151,comment,2026-03-07 17:04:10.176202
690,320,post,2026-03-25 17:04:10.176204
691,84,login,2026-03-27 17:04:10.176206
692,49,apply,2026-03-29 17:04:10.176207
693,146,login,2026-02-14 17:04:10.176210
694,336,apply,2026-04-02 17:04:10.176245
695,251,comment,2026-03-24 17:04:10.176250
696,737,comment,2026-02-15 17:04:10.176264
697,351,post,2026-02-25 17:04:10.176267
698,611,comment,2026-02-14 17:04:10.176269
699,91,apply,2026-02-20 17:04:10.176270
700,762,comment,2026-03-19 17:04:10.176272
701,560,post,2026-03-02 17:04:10.176273
702,395,apply,2026-03-14 17:04:10.176275
703,679,apply,2026-02-15 17:04:10.176277
704,751,login,2026-03-30 17:04:10.176278
705,446,post,2026-03-07 17:04:10.176280
706,980,post,2026-02-10 17:04:10.176282
707,914,post,2026-02-02 17:04:10.176283
708,91,post,2026-02-09 17:04:10.176285
709,836,apply,2026-03-30 17:04:10.176286
710,801,post,2026-03-03 17:04:10.176288
711,473,login,2026-02-02 17:04:10.176289
712,459,apply,2026-02-24 17:04:10.176291
713,6,login,2026-03-06 17:04:10.176292
714,249,apply,2026-03-08 17:04:10.176294
715,10,post,2026-02-06 17:04:10.176296
716,245,login,2026-02-20 17:04:10.176297
717,411,apply,2026-03-29 17:04:10.176299
718,191,post,2026-03-22 17:04:10.176301
719,606,login,2026-03-09 17:04:10.176302
720,784,login,2026-02-19 17:04:10.176304
721,444,comment,2026-03-26 17:04:10.176305
722,725,comment,2026-03-11 17:04:10.176307
723,428,comment,2026-02-14 17:04:10.176308
724,507,login,2026-03-14 17:04:10.176310
725,828,apply,2026-02-22 17:04:10.176312
726,269,post,2026-03-08 17:04:10.176313
727,447,apply,2026-02-23 17:04:10.176315
728,262,apply,2026-03-04 17:04:10.176316
729,447,apply,2026-03-19 17:04:10.176318
730,264,comment,2026-03-27 17:04:10.176320
731,361,comment,2026-03-29 17:04:10.176321
732,810,comment,2026-03-15 17:04:10.176323
733,870,post,2026-02-22 17:04:10.176325
734,435,post,2026-03-09 17:04:10.176327
735,717,comment,2026-03-29 17:04:10.176328
736,844,apply,2026-02-23 17:04:10.176330
737,942,apply,2026-03-07 17:04:10.176332
738,170,comment,2026-03-15 17:04:10.176333
739,437,post,2026-02-02 17:04:10.176335
740,236,comment,2026-04-03 17:04:10.176336
741,430,apply,2026-02-24 17:04:10.176338
742,234,comment,2026-03-05 17:04:10.176340
743,154,apply,2026-03-06 17:04:10.176342
744,396,comment,2026-03-12 17:04:10.176343
745,180,post,2026-02-04 17:04:10.176345
746,969,comment,2026-02-23 17:04:10.176347
747,854,comment,2026-03-10 17:04:10.176348
748,231,comment,2026-02-23 17:04:10.176350
749,611,apply,2026-03-02 17:04:10.176352
750,414,post,2026-03-06 17:04:10.176353
751,150,comment,2026-03-15 17:04:10.176355
752,962,comment,2026-02-05 17:04:10.176357
753,703,post,2026-03-23 17:04:10.176358
754,811,comment,2026-03-29 17:04:10.176360
755,962,login,2026-03-29 17:04:10.176361
756,128,comment,2026-03-31 17:04:10.176363
757,701,login,2026-03-26 17:04:10.176365
758,189,post,2026-04-02 17:04:10.176367
759,375,apply,2026-03-18 17:04:10.176368
760,862,comment,2026-03-08 17:04:10.176370
761,198,login,2026-02-11 17:04:10.176371
762,333,login,2026-03-16 17:04:10.176380
763,871,login,2026-02-13 17:04:10.176382
764,637,apply,2026-03-22 17:04:10.176383
765,344,login,2026-03-03 17:04:10.176385
766,811,apply,2026-02-10 17:04:10.176387
767,925,login,2026-03-16 17:04:10.176389
768,645,login,2026-03-26 17:04:10.176396
769,161,login,2026-02-22 17:04:10.176398
770,571,login,2026-03-31 17:04:10.176399
771,330,post,2026-04-01 17:04:10.176401
772,251,login,2026-02-13 17:04:10.176402
773,407,comment,2026-03-30 17:04:10.176404
774,411,login,2026-02-26 17:04:10.176406
775,685,login,2026-03-06 17:04:10.176407
776,697,login,2026-04-03 17:04:10.176409
777,252,login,2026-03-15 17:04:10.176411
778,162,comment,2026-02-17 17:04:10.176413
779,495,login,2026-03-07 17:04:10.176414
780,728,apply,2026-02-13 17:04:10.176416
781,894,post,2026-03-26 17:04:10.176417
782,831,comment,2026-03-24 17:04:10.176419
783,797,apply,2026-03-09 17:04:10.176422
784,827,login,2026-03-25 17:04:10.176424
785,349,login,2026-03-06 17:04:10.176426
786,502,apply,2026-03-15 17:04:10.176427
787,742,apply,2026-03-14 17:04:10.176429
788,614,post,2026-02-25 17:04:10.176430
789,683,post,2026-03-12 17:04:10.176432
790,951,apply,2026-02-20 17:04:10.176434
791,664,apply,2026-03-04 17:04:10.176435
792,439,post,2026-03-11 17:04:10.176437
793,707,post,2026-02-27 17:04:10.176438
794,320,comment,2026-02-21 17:04:10.176440
795,263,apply,2026-03-12 17:04:10.176442
796,315,post,2026-03-28 17:04:10.176444
797,616,apply,2026-02-08 17:04:10.176447
798,464,post,2026-03-21 17:04:10.176449
799,788,apply,2026-02-26 17:04:10.176451
800,670,login,2026-02-15 17:04:10.176453
801,181,login,2026-03-02 17:04:10.176455
802,546,apply,2026-02-19 17:04:10.176457
803,475,post,2026-02-17 17:04:10.176459
804,700,comment,2026-03-26 17:04:10.176460
805,455,comment,2026-03-30 17:04:10.176462
806,521,apply,2026-03-07 17:04:10.176463
807,198,login,2026-03-18 17:04:10.176465
808,137,comment,2026-03-29 17:04:10.176467
809,287,comment,2026-03-07 17:04:10.176468
810,335,comment,2026-03-21 17:04:10.176470
811,508,login,2026-03-10 17:04:10.176471
812,419,comment,2026-02-06 17:04:10.176473
813,185,comment,2026-02-13 17:04:10.176475
814,978,post,2026-02-08 17:04:10.176476
815,880,apply,2026-04-01 17:04:10.176478
816,287,login,2026-03-24 17:04:10.176479
817,549,apply,2026-03-06 17:04:10.176481
818,246,apply,2026-03-01 17:04:10.176483
819,985,login,2026-02-22 17:04:10.176484
820,640,comment,2026-03-06 17:04:10.176486
821,853,post,2026-02-18 17:04:10.176487
822,521,login,2026-02-21 17:04:10.176489
823,816,login,2026-02-15 17:04:10.176491
824,387,login,2026-03-05 17:04:10.176493
825,493,apply,2026-02-28 17:04:10.176494
826,188,apply,2026-03-28 17:04:10.176496
827,458,apply,2026-03-24 17:04:10.176498
828,615,post,2026-03-01 17:04:10.176500
829,107,post,2026-02-14 17:04:10.176501
830,325,comment,2026-03-21 17:04:10.176503
831,814,comment,2026-02-11 17:04:10.176505
832,464,post,2026-02-08 17:04:10.176507
833,254,comment,2026-03-07 17:04:10.176508
834,211,post,2026-02-04 17:04:10.176600
835,289,login,2026-03-11 17:04:10.176604
836,718,apply,2026-02-10 17:04:10.176605
837,172,post,2026-03-10 17:04:10.176607
838,587,post,2026-03-16 17:04:10.176609
839,577,comment,2026-02-21 17:04:10.176611
840,490,post,2026-03-19 17:04:10.176612
841,684,login,2026-02-16 17:04:10.176613
842,772,comment,2026-02-07 17:04:10.176615
843,897,comment,2026-03-14 17:04:10.176617
844,260,apply,2026-02-10 17:04:10.176618
845,503,apply,2026-03-10 17:04:10.176620
846,748,post,2026-02-19 17:04:10.176621
847,607,comment,2026-03-15 17:04:10.176623
848,982,apply,2026-02-23 17:04:10.176625
849,177,apply,2026-03-25 17:04:10.176626
850,970,comment,2026-02-27 17:04:10.176628
851,129,post,2026-03-20 17:04:10.176630
852,311,apply,2026-03-18 17:04:10.176632
853,142,post,2026-03-03 17:04:10.176633
854,925,comment,2026-02-19 17:04:10.176638
855,432,post,2026-03-23 17:04:10.176640
856,470,comment,2026-02-05 17:04:10.176641
857,971,comment,2026-03-12 17:04:10.176643
858,335,comment,2026-04-03 17:04:10.176645
859,442,login,2026-02-27 17:04:10.176646
860,255,apply,2026-02-19 17:04:10.176648
861,913,post,2026-02-10 17:04:10.176650
862,540,post,2026-02-17 17:04:10.176658
863,613,apply,2026-03-29 17:04:10.176659
864,387,comment,2026-03-03 17:04:10.176661
865,515,apply,2026-04-01 17:04:10.176662
866,417,post,2026-02-22 17:04:10.176665
867,258,apply,2026-02-15 17:04:10.176666
868,127,comment,2026-03-23 17:04:10.176668
869,915,login,2026-03-03 17:04:10.176670
870,705,login,2026-02-16 17:04:10.176671
871,120,comment,2026-03-05 17:04:10.176673
872,435,comment,2026-02-14 17:04:10.176675
873,706,apply,2026-03-18 17:04:10.176677
874,832,comment,2026-02-15 17:04:10.176678
875,391,apply,2026-03-08 17:04:10.176680
876,699,comment,2026-03-20 17:04:10.176682
877,934,login,2026-03-16 17:04:10.176683
878,213,apply,2026-03-04 17:04:10.176685
879,44,comment,2026-03-16 17:04:10.176687
880,807,login,2026-02-06 17:04:10.176688
881,102,post,2026-02-23 17:04:10.176690
882,446,apply,2026-02-27 17:04:10.176692
883,964,apply,2026-02-28 17:04:10.176694
884,615,login,2026-03-26 17:04:10.176696
885,923,apply,2026-02-17 17:04:10.176697
886,251,comment,2026-02-23 17:04:10.176699
887,938,comment,2026-03-06 17:04:10.176701
888,835,login,2026-03-28 17:04:10.176703
889,21,comment,2026-02-26 17:04:10.176705
890,784,apply,2026-03-26 17:04:10.176707
891,988,apply,2026-02-07 17:04:10.176709
892,191,post,2026-03-30 17:04:10.176711
893,747,comment,2026-03-30 17:04:10.176712
894,300,apply,2026-03-03 17:04:10.176714
895,893,post,2026-03-09 17:04:10.176716
896,166,post,2026-02-28 17:04:10.176718
897,118,comment,2026-03-30 17:04:10.176719
898,611,login,2026-03-15 17:04:10.176721
899,871,post,2026-02-15 17:04:10.176723
900,768,apply,2026-04-02 17:04:10.176724
901,938,comment,2026-03-09 17:04:10.176726
902,330,comment,2026-03-16 17:04:10.176728
903,116,apply,2026-03-22 17:04:10.176729
904,437,post,2026-03-02 17:04:10.176731
905,883,comment,2026-03-20 17:04:10.176733
906,211,login,2026-03-04 17:04:10.176734
907,366,post,2026-02-16 17:04:10.176736
908,216,comment,2026-03-08 17:04:10.176738
909,968,comment,2026-02-04 17:04:10.176740
910,79,apply,2026-02-03 17:04:10.176742
911,981,post,2026-03-30 17:04:10.176744
912,376,login,2026-02-22 17:04:10.176746
913,828,post,2026-03-10 17:04:10.176748
914,762,post,2026-03-09 17:04:10.176750
915,358,post,2026-02-28 17:04:10.176751
916,230,post,2026-02-14 17:04:10.176753
917,178,login,2026-03-07 17:04:10.176755
918,743,login,2026-02-07 17:04:10.176757
919,164,apply,2026-03-01 17:04:10.176758
920,700,post,2026-02-27 17:04:10.176760
921,957,apply,2026-03-08 17:04:10.176762
922,918,apply,2026-03-31 17:04:10.176764
923,381,login,2026-02-22 17:04:10.176766
924,380,comment,2026-02-20 17:04:10.176768
925,277,comment,2026-02-04 17:04:10.176769
926,92,post,2026-03-19 17:04:10.176771
927,647,apply,2026-03-11 17:04:10.176773
928,221,post,2026-03-07 17:04:10.176775
929,923,login,2026-02-12 17:04:10.176776
930,980,comment,2026-02-03 17:04:10.176778
931,248,apply,2026-02-28 17:04:10.176780
932,672,post,2026-03-05 17:04:10.176782
933,593,apply,2026-02-04 17:04:10.176784
934,376,comment,2026-04-01 17:04:10.176785
935,590,login,2026-03-20 17:04:10.176787
936,499,login,2026-03-25 17:04:10.176790
937,52,login,2026-03-11 17:04:10.176791
938,787,login,2026-03-28 17:04:10.176793
939,408,comment,2026-02-25 17:04:10.176795
940,289,login,2026-02-12 17:04:10.176797
941,375,login,2026-02-16 17:04:10.176798
942,498,comment,2026-02-18 17:04:10.176800
943,639,post,2026-03-15 17:04:10.176802
944,362,post,2026-02-22 17:04:10.176803
945,116,comment,2026-03-17 17:04:10.176805
946,699,login,2026-02-02 17:04:10.176807
947,42,comment,2026-02-10 17:04:10.176809
948,983,apply,2026-03-16 17:04:10.176811
949,124,post,2026-03-02 17:04:10.176813
950,482,post,2026-03-12 17:04:10.176815
951,348,login,2026-02-28 17:04:10.176817
952,242,comment,2026-03-22 17:04:10.176819
953,838,post,2026-03-15 17:04:10.176821
954,450,login,2026-02-13 17:04:10.176822
955,734,apply,2026-03-04 17:04:10.176824
956,618,comment,2026-02-15 17:04:10.176826
957,809,post,2026-03-21 17:04:10.176827
958,266,apply,2026-02-22 17:04:10.176829
959,361,post,2026-02-05 17:04:10.176831
960,784,comment,2026-03-12 17:04:10.176832
961,982,login,2026-02-20 17:04:10.176834
962,792,comment,2026-02-07 17:04:10.176836
963,835,post,2026-03-31 17:04:10.176838
964,715,comment,2026-02-08 17:04:10.176839
965,152,comment,2026-02-20 17:04:10.176841
966,396,login,2026-02-10 17:04:10.176843
967,338,post,2026-03-10 17:04:10.176845
968,639,post,2026-02-17 17:04:10.176846
969,327,post,2026-02-13 17:04:10.176848
970,489,post,2026-03-20 17:04:10.176850
971,366,login,2026-02-12 17:04:10.176851
972,57,post,2026-02-09 17:04:10.176853
973,840,post,2026-03-18 17:04:10.176855
974,154,comment,2026-02-13 17:04:10.176868
975,638,apply,2026-02-24 17:04:10.176870
976,63,apply,2026-02-22 17:04:10.176871
977,234,login,2026-03-08 17:04:10.176873
978,637,comment,2026-02-13 17:04:10.176875
979,557,login,2026-03-08 17:04:10.176877
980,600,login,2026-03-26 17:04:10.176878
981,194,post,2026-02-10 17:04:10.176880
982,756,post,2026-02-11 17:04:10.176881
983,335,apply,2026-02-15 17:04:10.176883
984,512,comment,2026-02-20 17:04:10.176885
985,680,post,2026-03-28 17:04:10.176887
986,757,post,2026-02-20 17:04:10.176888
987,881,post,2026-04-01 17:04:10.176890
988,785,apply,2026-03-05 17:04:10.176892
989,79,post,2026-02-03 17:04:10.176893
990,408,login,2026-04-02 17:04:10.176895
991,236,comment,2026-02-08 17:04:10.176897
992,340,post,2026-04-01 17:04:10.176898
993,294,post,2026-03-10 17:04:10.176900
994,783,login,2026-03-24 17:04:10.176902
995,951,apply,2026-03-13 17:04:10.176904
996,852,login,2026-03-26 17:04:10.176927
997,814,comment,2026-03-05 17:04:10.176929
998,138,apply,2026-02-16 17:04:10.176931
999,397,post,2026-02-06 17:04:10.176932
1000,767,login,2026-03-20 17:04:10.176935
1001,401,comment,2026-02-26 17:04:10.176937
1002,174,post,2026-03-10 17:04:10.176938
1003,528,apply,2026-03-14 17:04:10.176939
1004,680,post,2026-03-17 17:04:10.176941
1005,904,login,2026-02-24 17:04:10.176943
1006,181,apply,2026-03-27 17:04:10.176945
1007,537,login,2026-03-22 17:04:10.176947
1008,477,post,2026-03-23 17:04:10.176948
1009,240,login,2026-02-13 17:04:10.176950
1010,674,comment,2026-02-08 17:04:10.176951
1011,367,comment,2026-02-27 17:04:10.176952
1012,164,comment,2026-03-16 17:04:10.176954
1013,249,post,2026-02-21 17:04:10.176956
1014,640,apply,2026-02-06 17:04:10.176979
1015,666,comment,2026-03-12 17:04:10.176984
1016,293,post,2026-02-20 17:04:10.176985
1017,562,post,2026-02-22 17:04:10.176987
1018,886,login,2026-02-09 17:04:10.176989
1019,85,apply,2026-03-09 17:04:10.176990
1020,333,comment,2026-02-24 17:04:10.176992
1021,49,apply,2026-02-15 17:04:10.176993
1022,87,post,2026-02-20 17:04:10.176995
1023,481,post,2026-02-10 17:04:10.176996
1024,740,login,2026-03-09 17:04:10.176998
1025,402,post,2026-03-06 17:04:10.177000
1026,909,comment,2026-02-15 17:04:10.177001
1027,606,comment,2026-03-20 17:04:10.177003
1028,573,apply,2026-02-19 17:04:10.177004
1029,211,apply,2026-04-02 17:04:10.177005
1030,835,post,2026-03-13 17:04:10.177007
1031,301,post,2026-03-22 17:04:10.177009
1032,95,login,2026-03-24 17:04:10.177010
1033,244,apply,2026-02-08 17:04:10.177012
1034,563,apply,2026-03-30 17:04:10.177013
1035,405,post,2026-02-23 17:04:10.177014
1036,942,apply,2026-03-14 17:04:10.177016
1037,955,comment,2026-02-23 17:04:10.177018
1038,362,comment,2026-02-11 17:04:10.177020
1039,920,post,2026-02-24 17:04:10.177021
1040,966,login,2026-02-07 17:04:10.177023
1041,977,comment,2026-02-02 17:04:10.177024
1042,771,apply,2026-03-14 17:04:10.177026
1043,277,post,2026-02-28 17:04:10.177027
1044,219,post,2026-03-21 17:04:10.177029
1045,597,post,2026-02-25 17:04:10.177030
1046,822,login,2026-03-22 17:04:10.177032
1047,633,apply,2026-02-02 17:04:10.177033
1048,337,login,2026-02-04 17:04:10.177035
1049,286,comment,2026-02-09 17:04:10.177037
1050,902,post,2026-03-18 17:04:10.177039
1051,839,post,2026-02-17 17:04:10.177041
1052,710,login,2026-04-01 17:04:10.177043
1053,574,comment,2026-03-10 17:04:10.177044
1054,646,comment,2026-02-20 17:04:10.177046
1055,639,comment,2026-02-04 17:04:10.177048
1056,562,comment,2026-03-05 17:04:10.177050
1057,351,login,2026-02-17 17:04:10.177051
1058,352,login,2026-03-13 17:04:10.177053
1059,614,post,2026-03-11 17:04:10.177054
1060,140,apply,2026-03-08 17:04:10.177056
1061,359,apply,2026-03-30 17:04:10.177057
1062,315,apply,2026-02-22 17:04:10.177059
1063,80,post,2026-02-18 17:04:10.177060
1064,427,comment,2026-03-22 17:04:10.177062
1065,510,login,2026-02-12 17:04:10.177063
1066,697,apply,2026-03-18 17:04:10.177064
1067,243,comment,2026-02-05 17:04:10.177066
1068,492,login,2026-02-07 17:04:10.177067
1069,313,apply,2026-02-13 17:04:10.177069
1070,772,apply,2026-02-08 17:04:10.177070
1071,511,comment,2026-02-19 17:04:10.177072
1072,660,apply,2026-04-03 17:04:10.177074
1073,314,apply,2026-02-11 17:04:10.177075
1074,866,comment,2026-02-21 17:04:10.177077
1075,139,comment,2026-03-28 17:04:10.177078
1076,504,post,2026-02-16 17:04:10.177080
1077,918,post,2026-02-20 17:04:10.177083
1078,288,login,2026-03-17 17:04:10.177084
1079,241,post,2026-02-13 17:04:10.177086
1080,809,apply,2026-03-29 17:04:10.177088
1081,776,login,2026-03-11 17:04:10.177089
1082,802,post,2026-03-07 17:04:10.177092
1083,661,comment,2026-02-08 17:04:10.177094
1084,766,comment,2026-03-26 17:04:10.177096
1085,857,post,2026-03-26 17:04:10.177098
1086,595,comment,2026-03-08 17:04:10.177100
1087,209,comment,2026-02-13 17:04:10.177102
1088,725,comment,2026-03-23 17:04:10.177103
1089,948,apply,2026-02-11 17:04:10.177104
1090,458,post,2026-02-06 17:04:10.177106
1091,136,comment,2026-02-12 17:04:10.177108
1092,566,post,2026-03-13 17:04:10.177109
1093,36,comment,2026-03-21 17:04:10.177111
1094,416,login,2026-03-07 17:04:10.177112
1095,909,comment,2026-02-15 17:04:10.177114
1096,53,login,2026-02-02 17:04:10.177116
1097,210,post,2026-02-07 17:04:10.177117
1098,127,post,2026-03-04 17:04:10.177119
1099,581,post,2026-02-21 17:04:10.177120
1100,360,apply,2026-03-06 17:04:10.177122
1101,406,post,2026-03-21 17:04:10.177124
1102,470,login,2026-02-08 17:04:10.177149
1103,378,comment,2026-02-21 17:04:10.177152
1104,321,login,2026-02-13 17:04:10.177154
1105,663,post,2026-03-09 17:04:10.177155
1106,521,apply,2026-02-28 17:04:10.177157
1107,895,post,2026-02-12 17:04:10.177159
1108,71,comment,2026-03-26 17:04:10.177164
1109,276,post,2026-03-05 17:04:10.177165
1110,804,post,2026-03-02 17:04:10.177167
1111,628,comment,2026-02-27 17:04:10.177169
1112,625,comment,2026-03-22 17:04:10.177170
1113,714,post,2026-03-24 17:04:10.177172
1114,227,comment,2026-04-02 17:04:10.177173
1115,330,comment,2026-04-01 17:04:10.177175
1116,637,apply,2026-03-14 17:04:10.177179
1117,459,login,2026-03-24 17:04:10.177184
1118,906,apply,2026-03-06 17:04:10.177187
1119,626,apply,2026-03-13 17:04:10.177189
1120,226,comment,2026-03-17 17:04:10.177191
1121,223,post,2026-02-18 17:04:10.177193
1122,61,post,2026-03-31 17:04:10.177194
1123,799,comment,2026-03-08 17:04:10.177196
1124,426,apply,2026-03-28 17:04:10.177198
1125,972,comment,2026-03-06 17:04:10.177199
1126,342,post,2026-02-12 17:04:10.177201
1127,311,post,2026-02-12 17:04:10.177203
1128,660,login,2026-02-25 17:04:10.177205
1129,446,comment,2026-02-06 17:04:10.177206
1130,466,comment,2026-03-12 17:04:10.177208
1131,822,login,2026-03-26 17:04:10.177210
1132,910,post,2026-03-14 17:04:10.177214
1133,864,post,2026-03-05 17:04:10.177215
1134,442,apply,2026-03-08 17:04:10.177217
1135,48,comment,2026-03-02 17:04:10.177219
1136,717,post,2026-02-25 17:04:10.177222
1137,699,login,2026-03-02 17:04:10.177224
1138,821,apply,2026-02-07 17:04:10.177226
1139,656,comment,2026-03-27 17:04:10.177228
1140,271,post,2026-03-31 17:04:10.177230
1141,184,comment,2026-03-29 17:04:10.177231
1142,835,apply,2026-03-11 17:04:10.177233
1143,941,comment,2026-03-19 17:04:10.177235
1144,809,login,2026-03-26 17:04:10.177237
1145,386,apply,2026-02-22 17:04:10.177238
1146,816,login,2026-03-03 17:04:10.177240
1147,393,comment,2026-02-02 17:04:10.177242
1148,427,comment,2026-02-17 17:04:10.177244
1149,458,comment,2026-02-17 17:04:10.177245
1150,534,post,2026-02-11 17:04:10.177247
1151,31,apply,2026-02-02 17:04:10.177249
1152,43,login,2026-02-18 17:04:10.177250
1153,455,login,2026-03-24 17:04:10.177252
1154,989,comment,2026-04-02 17:04:10.177253
1155,944,post,2026-02-05 17:04:10.177255
1156,490,apply,2026-02-22 17:04:10.177256
1157,275,post,2026-03-13 17:04:10.177258
1158,591,comment,2026-02-27 17:04:10.177259
1159,833,post,2026-03-11 17:04:10.177261
1160,798,comment,2026-03-03 17:04:10.177263
1161,46,comment,2026-03-13 17:04:10.177265
1162,126,apply,2026-03-06 17:04:10.177266
1163,312,post,2026-02-03 17:04:10.177299
1164,367,apply,2026-04-01 17:04:10.177305
1165,934,post,2026-02-03 17:04:10.177306
1166,1000,post,2026-02-13 17:04:10.177308
1167,230,comment,2026-02-21 17:04:10.177310
1168,660,apply,2026-03-27 17:04:10.177312
1169,51,login,2026-03-11 17:04:10.177314
1170,906,apply,2026-02-22 17:04:10.177315
1171,158,login,2026-04-03 17:04:10.177318
1172,840,login,2026-03-09 17:04:10.177320
1173,494,login,2026-02-16 17:04:10.177322
1174,107,comment,2026-03-20 17:04:10.177324
1175,695,apply,2026-02-06 17:04:10.177325
1176,268,post,2026-03-10 17:04:10.177327
1177,642,login,2026-02-17 17:04:10.177329
1178,197,post,2026-03-03 17:04:10.177330
1179,750,login,2026-03-04 17:04:10.177332
1180,925,apply,2026-02-24 17:04:10.177334
1181,473,post,2026-02-07 17:04:10.177335
1182,142,post,2026-02-23 17:04:10.177337
1183,199,login,2026-04-03 17:04:10.177339
1184,502,post,2026-03-25 17:04:10.177343
1185,587,login,2026-03-20 17:04:10.177348
1186,329,login,2026-02-06 17:04:10.177350
1187,175,apply,2026-02-05 17:04:10.177352
1188,904,login,2026-02-06 17:04:10.177354
1189,585,login,2026-02-05 17:04:10.177355
1190,473,login,2026-03-31 17:04:10.177357
1191,645,apply,2026-03-22 17:04:10.177481
1192,777,post,2026-02-20 17:04:10.177490
1193,355,login,2026-03-25 17:04:10.177493
1194,989,post,2026-04-02 17:04:10.177496
1195,559,comment,2026-02-16 17:04:10.177497
1196,532,apply,2026-02-13 17:04:10.177499
1197,155,post,2026-03-18 17:04:10.177501
1198,933,post,2026-02-13 17:04:10.177502
1199,268,login,2026-02-12 17:04:10.177504
1200,40,login,2026-04-01 17:04:10.177505
1201,380,apply,2026-02-16 17:04:10.177507
1202,832,post,2026-03-03 17:04:10.177508
1203,115,post,2026-02-06 17:04:10.177510
1204,44,post,2026-02-10 17:04:10.177511
1205,940,comment,2026-02-16 17:04:10.177513
1206,278,post,2026-02-05 17:04:10.177515
1207,28,apply,2026-03-23 17:04:10.177516
1208,200,login,2026-03-04 17:04:10.177520
1209,689,login,2026-03-04 17:04:10.177522
1210,159,apply,2026-03-01 17:04:10.177523
1211,211,comment,2026-03-15 17:04:10.177525
1212,529,post,2026-02-25 17:04:10.177527
1213,825,login,2026-02-16 17:04:10.177528
1214,693,apply,2026-02-04 17:04:10.177530
1215,23,post,2026-02-07 17:04:10.177532
1216,599,apply,2026-02-08 17:04:10.177534
1217,720,post,2026-02-28 17:04:10.177535
1218,333,comment,2026-02-21 17:04:10.177537
1219,695,login,2026-02-21 17:04:10.177539
1220,793,apply,2026-02-26 17:04:10.177541
1221,808,login,2026-03-04 17:04:10.177548
1222,447,comment,2026-03-31 17:04:10.177553
1223,893,comment,2026-02-11 17:04:10.177555
1224,415,login,2026-04-03 17:04:10.177558
1225,716,post,2026-02-16 17:04:10.177560
1226,810,post,2026-03-06 17:04:10.177562
1227,71,login,2026-02-26 17:04:10.177563
1228,75,login,2026-03-21 17:04:10.177565
1229,860,comment,2026-02-14 17:04:10.177569
1230,367,login,2026-02-07 17:04:10.177571
1231,278,apply,2026-04-01 17:04:10.177574
1232,41,comment,2026-03-23 17:04:10.177576
1233,32,comment,2026-03-14 17:04:10.177578
1234,663,apply,2026-03-23 17:04:10.177581
1235,569,login,2026-04-01 17:04:10.177585
1236,24,post,2026-02-24 17:04:10.177587
1237,27,login,2026-03-19 17:04:10.177589
1238,659,post,2026-03-10 17:04:10.177591
1239,602,comment,2026-03-21 17:04:10.177593
1240,883,login,2026-02-16 17:04:10.177595
1241,329,login,2026-02-16 17:04:10.177598
1242,686,comment,2026-03-14 17:04:10.177600
1243,900,login,2026-03-06 17:04:10.177602
1244,976,post,2026-02-20 17:04:10.177604
1245,67,apply,2026-02-23 17:04:10.177606
1246,845,login,2026-04-02 17:04:10.177642
1247,181,comment,2026-02-15 17:04:10.177646
1248,572,login,2026-04-03 17:04:10.177647
1249,795,comment,2026-02-15 17:04:10.177649
1250,855,post,2026-02-12 17:04:10.177651
1251,961,comment,2026-02-06 17:04:10.177652
1252,465,login,2026-02-25 17:04:10.177654
1253,772,login,2026-02-03 17:04:10.177657
1254,731,comment,2026-02-23 17:04:10.177658
1255,733,post,2026-02-10 17:04:10.177660
1256,947,login,2026-02-14 17:04:10.177662
1257,696,post,2026-03-15 17:04:10.177664
1258,965,comment,2026-03-24 17:04:10.177666
1259,867,apply,2026-03-02 17:04:10.177668
1260,772,post,2026-03-09 17:04:10.177670
1261,194,apply,2026-03-17 17:04:10.177672
1262,566,comment,2026-02-20 17:04:10.177675
1263,564,apply,2026-02-24 17:04:10.177678
1264,447,apply,2026-03-27 17:04:10.177680
1265,64,comment,2026-03-03 17:04:10.177681
1266,681,comment,2026-02-16 17:04:10.177684
1267,484,login,2026-03-05 17:04:10.177686
1268,403,apply,2026-03-16 17:04:10.177688
1269,57,apply,2026-03-24 17:04:10.177689
1270,266,login,2026-02-24 17:04:10.177691
1271,278,apply,2026-02-19 17:04:10.177692
1272,486,login,2026-03-23 17:04:10.177694
1273,750,post,2026-03-07 17:04:10.177695
1274,13,comment,2026-02-17 17:04:10.177696
1275,264,apply,2026-03-11 17:04:10.177698
1276,110,post,2026-02-23 17:04:10.177699
1277,533,login,2026-03-10 17:04:10.177701
1278,665,comment,2026-02-17 17:04:10.177702
1279,380,apply,2026-03-14 17:04:10.177704
1280,724,comment,2026-03-31 17:04:10.177705
1281,248,apply,2026-03-06 17:04:10.177707
1282,44,post,2026-02-16 17:04:10.177708
1283,159,apply,2026-02-05 17:04:10.177710
1284,929,comment,2026-03-10 17:04:10.177712
1285,122,apply,2026-03-21 17:04:10.177713
1286,161,login,2026-03-01 17:04:10.177715
1287,991,apply,2026-02-22 17:04:10.177716
1288,171,apply,2026-03-07 17:04:10.177718
1289,712,post,2026-03-17 17:04:10.177719
1290,459,apply,2026-03-31 17:04:10.177721
1291,664,comment,2026-03-05 17:04:10.177722
1292,875,apply,2026-03-19 17:04:10.177724
1293,225,comment,2026-02-07 17:04:10.177725
1294,401,apply,2026-02-10 17:04:10.177727
1295,73,login,2026-02-10 17:04:10.177729
1296,99,apply,2026-04-03 17:04:10.177730
1297,3,post,2026-02-14 17:04:10.177732
1298,942,login,2026-02-23 17:04:10.177733
1299,255,apply,2026-03-12 17:04:10.177735
1300,439,apply,2026-03-20 17:04:10.177737
1301,858,comment,2026-03-19 17:04:10.177738
1302,43,apply,2026-03-24 17:04:10.177740
1303,882,login,2026-02-28 17:04:10.177741
1304,165,apply,2026-03-24 17:04:10.177743
1305,18,login,2026-02-24 17:04:10.177744
1306,484,post,2026-02-25 17:04:10.177747
1307,312,apply,2026-02-22 17:04:10.177749
1308,428,login,2026-02-09 17:04:10.177751
1309,555,apply,2026-03-17 17:04:10.177752
1310,756,apply,2026-04-01 17:04:10.177754
1311,687,comment,2026-04-01 17:04:10.177756
1312,221,login,2026-03-29 17:04:10.177758
1313,784,post,2026-02-11 17:04:10.177759
1314,766,post,2026-03-14 17:04:10.177761
1315,496,apply,2026-02-23 17:04:10.177763
1316,799,post,2026-03-27 17:04:10.177765
1317,110,login,2026-02-22 17:04:10.177766
1318,809,post,2026-03-12 17:04:10.177768
1319,779,post,2026-03-28 17:04:10.177770
1320,621,comment,2026-02-08 17:04:10.177772
1321,76,login,2026-02-05 17:04:10.177773
1322,825,post,2026-03-14 17:04:10.177775
1323,819,post,2026-04-02 17:04:10.177777
1324,762,apply,2026-03-27 17:04:10.177778
1325,487,comment,2026-03-24 17:04:10.177780
1326,814,comment,2026-03-14 17:04:10.177782
1327,95,post,2026-03-14 17:04:10.177783
1328,814,post,2026-02-06 17:04:10.177785
1329,317,apply,2026-02-25 17:04:10.177786
1330,618,post,2026-03-11 17:04:10.177789
1331,123,login,2026-03-12 17:04:10.177791
1332,653,apply,2026-02-11 17:04:10.177792
1333,972,post,2026-03-15 17:04:10.177794
1334,674,comment,2026-02-21 17:04:10.177795
1335,743,login,2026-03-23 17:04:10.177797
1336,854,comment,2026-02-27 17:04:10.177799
1337,839,login,2026-03-11 17:04:10.177801
1338,521,post,2026-03-14 17:04:10.177802
1339,208,post,2026-02-14 17:04:10.177804
1340,488,comment,2026-02-28 17:04:10.177806
1341,602,comment,2026-03-04 17:04:10.177807
1342,730,comment,2026-02-04 17:04:10.177809
1343,955,post,2026-03-05 17:04:10.177811
1344,785,post,2026-02-22 17:04:10.177813
1345,343,login,2026-02-04 17:04:10.177814
1346,478,login,2026-02-27 17:04:10.177816
1347,532,login,2026-02-14 17:04:10.177817
1348,996,login,2026-03-15 17:04:10.177819
1349,851,post,2026-03-23 17:04:10.177820
1350,771,post,2026-02-03 17:04:10.177822
1351,663,apply,2026-03-16 17:04:10.177824
1352,704,login,2026-02-06 17:04:10.177825
1353,267,apply,2026-02-06 17:04:10.177827
1354,984,post,2026-03-31 17:04:10.177829
1355,973,comment,2026-03-28 17:04:10.177831
1356,915,login,2026-03-31 17:04:10.177833
1357,780,apply,2026-02-19 17:04:10.177834
1358,859,post,2026-03-19 17:04:10.177836
1359,618,apply,2026-02-07 17:04:10.177838
1360,268,apply,2026-03-17 17:04:10.177840
1361,172,comment,2026-03-29 17:04:10.177842
1362,703,login,2026-02-05 17:04:10.177843
1363,696,apply,2026-03-18 17:04:10.177845
1364,575,apply,2026-02-02 17:04:10.177847
1365,174,post,2026-02-23 17:04:10.177849
1366,491,login,2026-03-23 17:04:10.177851
1367,981,post,2026-02-03 17:04:10.177852
1368,681,apply,2026-02-27 17:04:10.177854
1369,36,comment,2026-03-22 17:04:10.177856
1370,340,apply,2026-02-25 17:04:10.177857
1371,202,apply,2026-03-02 17:04:10.177859
1372,589,apply,2026-02-05 17:04:10.177861
1373,284,comment,2026-04-02 17:04:10.177862
1374,341,login,2026-02-12 17:04:10.177864
1375,925,login,2026-02-25 17:04:10.177868
1376,287,login,2026-03-31 17:04:10.177869
1377,705,comment,2026-03-19 17:04:10.177871
1378,765,comment,2026-03-02 17:04:10.177872
1379,968,apply,2026-03-27 17:04:10.177874
1380,373,post,2026-02-14 17:04:10.177876
1381,196,login,2026-03-23 17:04:10.177877
1382,894,apply,2026-03-26 17:04:10.177879
1383,941,login,2026-02-26 17:04:10.177880
1384,900,login,2026-03-17 17:04:10.177882
1385,47,login,2026-03-06 17:04:10.177883
1386,906,login,2026-02-24 17:04:10.177885
1387,632,comment,2026-02-09 17:04:10.177887
1388,706,post,2026-03-25 17:04:10.177889
1389,821,apply,2026-02-28 17:04:10.177890
1390,384,comment,2026-02-12 17:04:10.177892
1391,703,login,2026-02-22 17:04:10.177893
1392,482,login,2026-03-03 17:04:10.177895
1393,269,apply,2026-02-06 17:04:10.177897
1394,650,post,2026-02-13 17:04:10.177898
1395,118,apply,2026-03-27 17:04:10.177900
1396,447,post,2026-02-25 17:04:10.177902
1397,568,post,2026-02-13 17:04:10.177903
1398,804,post,2026-02-10 17:04:10.177905
1399,45,post,2026-02-09 17:04:10.177907
1400,251,post,2026-02-03 17:04:10.177908
1401,540,post,2026-03-27 17:04:10.177910
1402,385,post,2026-02-11 17:04:10.177912
1403,819,comment,2026-03-17 17:04:10.177913
1404,564,apply,2026-03-12 17:04:10.177915
1405,283,post,2026-02-24 17:04:10.177916
1406,478,post,2026-03-19 17:04:10.177926
1407,924,login,2026-03-30 17:04:10.177928
1408,930,post,2026-04-03 17:04:10.177930
1409,172,login,2026-03-25 17:04:10.177932
1410,784,comment,2026-04-03 17:04:10.177934
1411,683,login,2026-03-28 17:04:10.177936
1412,538,post,2026-02-19 17:04:10.177937
1413,678,post,2026-03-09 17:04:10.177939
1414,967,comment,2026-03-06 17:04:10.177941
1415,742,login,2026-02-16 17:04:10.177942
1416,374,apply,2026-02-05 17:04:10.177944
1417,374,apply,2026-03-03 17:04:10.177946
1418,13,apply,2026-02-11 17:04:10.177949
1419,667,login,2026-03-19 17:04:10.177951
1420,263,apply,2026-02-18 17:04:10.177952
1421,328,apply,2026-03-30 17:04:10.177954
1422,166,post,2026-03-11 17:04:10.177955
1423,169,apply,2026-03-06 17:04:10.177957
1424,288,comment,2026-02-23 17:04:10.177959
1425,909,login,2026-03-06 17:04:10.177960
1426,842,login,2026-02-24 17:04:10.177990
1427,557,login,2026-03-15 17:04:10.177992
1428,879,apply,2026-03-26 17:04:10.177994
1429,472,post,2026-02-08 17:04:10.177995
1430,984,apply,2026-02-17 17:04:10.177997
1431,334,comment,2026-02-10 17:04:10.177998
1432,61,post,2026-02-23 17:04:10.178000
1433,379,apply,2026-02-21 17:04:10.178001
1434,479,post,2026-02-02 17:04:10.178003
1435,448,post,2026-02-12 17:04:10.178005
1436,909,post,2026-03-06 17:04:10.178006
1437,319,login,2026-03-17 17:04:10.178008
1438,229,login,2026-03-24 17:04:10.178010
1439,905,login,2026-03-08 17:04:10.178011
1440,900,comment,2026-02-03 17:04:10.178013
1441,577,post,2026-03-08 17:04:10.178014
1442,426,login,2026-02-04 17:04:10.178016
1443,649,apply,2026-02-17 17:04:10.178018
1444,844,post,2026-02-04 17:04:10.178019
1445,800,comment,2026-02-15 17:04:10.178021
1446,323,apply,2026-02-03 17:04:10.178022
1447,401,comment,2026-02-27 17:04:10.178024
1448,454,login,2026-03-05 17:04:10.178026
1449,798,post,2026-02-11 17:04:10.178027
1450,236,comment,2026-03-01 17:04:10.178029
1451,230,login,2026-03-29 17:04:10.178031
1452,258,post,2026-04-02 17:04:10.178033
1453,435,login,2026-02-19 17:04:10.178034
1454,324,post,2026-02-17 17:04:10.178036
1455,834,comment,2026-02-22 17:04:10.178038
1456,491,comment,2026-03-13 17:04:10.178040
1457,95,comment,2026-02-05 17:04:10.178041
1458,741,comment,2026-02-28 17:04:10.178043
1459,985,post,2026-02-28 17:04:10.178045
1460,357,apply,2026-03-05 17:04:10.178047
1461,369,apply,2026-03-16 17:04:10.178048
1462,831,post,2026-02-05 17:04:10.178050
1463,135,apply,2026-03-02 17:04:10.178052
1464,193,comment,2026-02-13 17:04:10.178053
1465,959,post,2026-02-05 17:04:10.178055
1466,17,post,2026-02-16 17:04:10.178057
1467,122,post,2026-03-20 17:04:10.178058
1468,919,apply,2026-02-24 17:04:10.178060
1469,259,comment,2026-03-28 17:04:10.178061
1470,779,apply,2026-02-10 17:04:10.178063
1471,630,login,2026-02-14 17:04:10.178065
1472,367,apply,2026-02-23 17:04:10.178066
1473,43,apply,2026-02-09 17:04:10.178068
1474,99,login,2026-03-10 17:04:10.178070
1475,101,comment,2026-02-26 17:04:10.178071
1476,657,login,2026-03-02 17:04:10.178073
1477,768,apply,2026-03-01 17:04:10.178074
1478,58,comment,2026-03-09 17:04:10.178076
1479,114,post,2026-03-21 17:04:10.178078
1480,636,comment,2026-02-17 17:04:10.178079
1481,93,login,2026-03-03 17:04:10.178081
1482,914,login,2026-02-20 17:04:10.178083
1483,703,apply,2026-03-09 17:04:10.178085
1484,375,comment,2026-02-18 17:04:10.178087
1485,90,post,2026-02-23 17:04:10.178088
1486,798,comment,2026-03-18 17:04:10.178090
1487,697,apply,2026-02-12 17:04:10.178091
1488,818,login,2026-03-01 17:04:10.178093
1489,199,login,2026-03-03 17:04:10.178094
1490,985,post,2026-02-25 17:04:10.178096
1491,316,apply,2026-02-28 17:04:10.178098
1492,59,post,2026-03-09 17:04:10.178100
1493,887,login,2026-02-10 17:04:10.178101
1494,644,login,2026-03-14 17:04:10.178227
1495,620,apply,2026-03-31 17:04:10.178240
1496,961,login,2026-03-12 17:04:10.178242
1497,940,post,2026-02-11 17:04:10.178243
1498,395,login,2026-04-02 17:04:10.178245
1499,970,login,2026-03-02 17:04:10.178247
1500,643,comment,2026-02-16 17:04:10.178249
1501,939,apply,2026-02-02 17:04:10.178250
1502,545,login,2026-03-30 17:04:10.178252
1503,261,apply,2026-02-17 17:04:10.178253
1504,929,login,2026-03-08 17:04:10.178255
1505,24,apply,2026-02-11 17:04:10.178256
1506,96,apply,2026-03-16 17:04:10.178258
1507,985,apply,2026-03-26 17:04:10.178260
1508,877,apply,2026-03-01 17:04:10.178262
1509,220,post,2026-03-02 17:04:10.178263
1510,441,post,2026-02-05 17:04:10.178265
1511,354,login,2026-02-03 17:04:10.178266
1512,602,login,2026-02-06 17:04:10.178268
1513,812,post,2026-03-04 17:04:10.178270
1514,858,apply,2026-02-11 17:04:10.178271
1515,886,apply,2026-03-09 17:04:10.178273
1516,350,comment,2026-03-15 17:04:10.178275
1517,345,post,2026-03-20 17:04:10.178277
1518,32,login,2026-03-20 17:04:10.178278
1519,398,login,2026-03-18 17:04:10.178280
1520,995,login,2026-03-28 17:04:10.178282
1521,570,post,2026-02-19 17:04:10.178284
1522,717,login,2026-02-05 17:04:10.178286
1523,757,apply,2026-02-28 17:04:10.178288
1524,132,comment,2026-03-01 17:04:10.178289
1525,313,post,2026-03-22 17:04:10.178291
1526,260,login,2026-02-13 17:04:10.178292
1527,36,post,2026-04-02 17:04:10.178294
1528,583,comment,2026-03-10 17:04:10.178296
1529,311,login,2026-03-13 17:04:10.178297
1530,340,comment,2026-02-20 17:04:10.178557
1531,874,apply,2026-03-29 17:04:10.178564
1532,861,post,2026-02-22 17:04:10.178565
1533,385,comment,2026-03-27 17:04:10.178567
1534,435,post,2026-03-05 17:04:10.178571
1535,704,comment,2026-02-14 17:04:10.178572
1536,529,apply,2026-03-02 17:04:10.178574
1537,104,comment,2026-03-20 17:04:10.178576
1538,659,login,2026-03-13 17:04:10.178578
1539,81,apply,2026-02-23 17:04:10.178579
1540,177,apply,2026-02-23 17:04:10.178581
1541,547,apply,2026-02-08 17:04:10.178582
1542,139,comment,2026-03-27 17:04:10.178584
1543,1,comment,2026-02-22 17:04:10.178586
1544,173,comment,2026-02-24 17:04:10.178587
1545,847,login,2026-02-23 17:04:10.178589
1546,233,comment,2026-02-11 17:04:10.178591
1547,279,post,2026-02-11 17:04:10.178593
1548,763,comment,2026-02-27 17:04:10.178594
1549,107,apply,2026-03-20 17:04:10.178596
1550,96,login,2026-03-10 17:04:10.178597
1551,298,login,2026-02-21 17:04:10.178599
1552,538,comment,2026-02-15 17:04:10.178601
1553,784,apply,2026-03-14 17:04:10.178603
1554,908,comment,2026-03-03 17:04:10.178605
1555,977,post,2026-03-08 17:04:10.178813
1556,796,login,2026-02-12 17:04:10.178823
1557,616,login,2026-03-24 17:04:10.178825
1558,74,login,2026-03-06 17:04:10.178827
1559,733,post,2026-02-08 17:04:10.178828
1560,738,post,2026-02-18 17:04:10.178830
1561,79,post,2026-03-04 17:04:10.178832
1562,597,apply,2026-03-22 17:04:10.178834
1563,818,apply,2026-02-08 17:04:10.178836
1564,50,comment,2026-02-21 17:04:10.178838
1565,239,post,2026-03-30 17:04:10.178839
1566,774,login,2026-02-02 17:04:10.178841
1567,857,apply,2026-03-30 17:04:10.178843
1568,494,apply,2026-02-06 17:04:10.178844
1569,61,login,2026-02-14 17:04:10.178846
1570,771,login,2026-02-28 17:04:10.178847
1571,940,post,2026-03-06 17:04:10.178849
1572,368,post,2026-02-21 17:04:10.178850
1573,360,apply,2026-02-11 17:04:10.178852
1574,275,login,2026-02-14 17:04:10.178853
1575,347,login,2026-02-09 17:04:10.178855
1576,731,apply,2026-02-09 17:04:10.178856
1577,822,apply,2026-02-14 17:04:10.178858
1578,7,apply,2026-03-01 17:04:10.178860
1579,189,comment,2026-02-07 17:04:10.178861
1580,216,comment,2026-03-30 17:04:10.178863
1581,997,post,2026-02-18 17:04:10.178864
1582,480,post,2026-03-08 17:04:10.178866
1583,435,comment,2026-02-18 17:04:10.178868
1584,9,post,2026-03-21 17:04:10.178869
1585,617,post,2026-02-14 17:04:10.178871
1586,870,comment,2026-02-17 17:04:10.178928
1587,329,comment,2026-03-13 17:04:10.178930
1588,357,apply,2026-03-07 17:04:10.178932
1589,301,post,2026-03-25 17:04:10.178933
1590,613,login,2026-03-13 17:04:10.178935
1591,331,post,2026-02-06 17:04:10.178936
1592,738,comment,2026-02-14 17:04:10.178938
1593,903,login,2026-02-22 17:04:10.178939
1594,715,post,2026-03-14 17:04:10.178941
1595,470,apply,2026-03-07 17:04:10.179041
1596,309,login,2026-02-22 17:04:10.179043
1597,304,post,2026-03-04 17:04:10.179045
1598,292,comment,2026-02-06 17:04:10.179046
1599,80,post,2026-02-15 17:04:10.179048
1600,513,comment,2026-02-24 17:04:10.179050
1601,493,login,2026-03-03 17:04:10.179051
1602,327,post,2026-03-26 17:04:10.179053
1603,644,comment,2026-02-10 17:04:10.179055
1604,172,login,2026-03-14 17:04:10.179057
1605,319,login,2026-03-01 17:04:10.179058
1606,955,comment,2026-04-02 17:04:10.179061
1607,458,apply,2026-03-17 17:04:10.179063
1608,912,post,2026-02-13 17:04:10.179065
1609,959,login,2026-03-11 17:04:10.179066
1610,487,login,2026-02-16 17:04:10.179068
1611,168,post,2026-03-04 17:04:10.179069
1612,343,post,2026-03-16 17:04:10.179071
1613,24,apply,2026-03-18 17:04:10.179072
1614,634,login,2026-02-10 17:04:10.179074
1615,984,apply,2026-02-28 17:04:10.179076
1616,735,login,2026-02-28 17:04:10.179078
1617,343,apply,2026-03-06 17:04:10.179079
1618,972,post,2026-03-25 17:04:10.179081
1619,368,login,2026-02-11 17:04:10.179083
1620,305,post,2026-04-01 17:04:10.179085
1621,673,post,2026-02-27 17:04:10.179087
1622,237,apply,2026-03-02 17:04:10.179088
1623,49,post,2026-04-01 17:04:10.179090
1624,349,apply,2026-03-22 17:04:10.179092
1625,197,login,2026-02-16 17:04:10.179094
1626,504,post,2026-03-18 17:04:10.179096
1627,43,login,2026-02-07 17:04:10.179098
1628,279,comment,2026-03-24 17:04:10.179099
1629,19,login,2026-03-29 17:04:10.179101
1630,621,apply,2026-03-08 17:04:10.179102
1631,113,apply,2026-02-16 17:04:10.179104
1632,201,post,2026-02-06 17:04:10.179106
1633,150,login,2026-03-20 17:04:10.179107
1634,733,comment,2026-03-28 17:04:10.179109
1635,867,comment,2026-03-21 17:04:10.179110
1636,987,login,2026-02-24 17:04:10.179113
1637,831,post,2026-04-03 17:04:10.179114
1638,776,login,2026-02-20 17:04:10.179117
1639,854,apply,2026-03-02 17:04:10.179119
1640,595,comment,2026-02-04 17:04:10.179120
1641,276,login,2026-03-18 17:04:10.179122
1642,763,comment,2026-03-10 17:04:10.179124
1643,980,login,2026-03-22 17:04:10.179125
1644,864,login,2026-03-29 17:04:10.179127
1645,963,post,2026-03-10 17:04:10.179128
1646,732,apply,2026-03-15 17:04:10.179130
1647,703,login,2026-02-18 17:04:10.179132
1648,609,post,2026-02-17 17:04:10.179134
1649,107,login,2026-03-19 17:04:10.179135
1650,596,comment,2026-03-31 17:04:10.179137
1651,70,login,2026-02-27 17:04:10.179139
1652,465,post,2026-02-17 17:04:10.179140
1653,104,post,2026-02-22 17:04:10.179142
1654,61,apply,2026-03-26 17:04:10.179144
1655,276,login,2026-03-14 17:04:10.179145
1656,603,post,2026-03-08 17:04:10.179147
1657,468,comment,2026-02-04 17:04:10.179148
1658,884,comment,2026-03-02 17:04:10.179150
1659,522,post,2026-03-06 17:04:10.179152
1660,209,post,2026-04-01 17:04:10.179153
1661,640,post,2026-03-11 17:04:10.179155
1662,725,login,2026-03-14 17:04:10.179157
1663,353,comment,2026-03-15 17:04:10.179158
1664,260,comment,2026-02-13 17:04:10.179160
1665,259,post,2026-02-21 17:04:10.179162
1666,512,comment,2026-03-17 17:04:10.179163
1667,145,apply,2026-02-10 17:04:10.179165
1668,861,login,2026-02-12 17:04:10.179167
1669,742,login,2026-02-25 17:04:10.179169
1670,532,login,2026-03-23 17:04:10.179170
1671,997,apply,2026-03-11 17:04:10.179172
1672,694,apply,2026-02-05 17:04:10.179174
1673,401,post,2026-02-15 17:04:10.179175
1674,421,login,2026-02-22 17:04:10.179177
1675,147,post,2026-03-11 17:04:10.179179
1676,64,post,2026-03-30 17:04:10.179180
1677,302,comment,2026-03-03 17:04:10.179182
1678,190,login,2026-03-19 17:04:10.179183
1679,506,apply,2026-03-28 17:04:10.179185
1680,438,apply,2026-03-24 17:04:10.179187
1681,442,post,2026-02-10 17:04:10.179189
1682,334,post,2026-02-16 17:04:10.179190
1683,977,login,2026-03-20 17:04:10.179192
1684,785,post,2026-04-01 17:04:10.179194
1685,653,comment,2026-03-02 17:04:10.179195
1686,483,post,2026-02-11 17:04:10.179197
1687,45,apply,2026-03-28 17:04:10.179199
1688,64,apply,2026-02-05 17:04:10.179200
1689,392,login,2026-03-27 17:04:10.179202
1690,529,login,2026-02-06 17:04:10.179204
1691,853,post,2026-02-08 17:04:10.179205
1692,696,apply,2026-02-22 17:04:10.179207
1693,685,login,2026-03-04 17:04:10.179209
1694,823,post,2026-03-16 17:04:10.179362
1695,373,comment,2026-04-01 17:04:10.179368
1696,70,apply,2026-03-01 17:04:10.179370
1697,315,comment,2026-03-14 17:04:10.179371
1698,702,login,2026-03-20 17:04:10.179373
1699,431,comment,2026-02-23 17:04:10.179375
1700,444,login,2026-03-27 17:04:10.179377
1701,621,post,2026-02-06 17:04:10.179378
1702,100,apply,2026-02-07 17:04:10.179380
1703,228,comment,2026-02-08 17:04:10.179382
1704,949,post,2026-03-13 17:04:10.179383
1705,435,apply,2026-03-27 17:04:10.179385
1706,630,comment,2026-02-02 17:04:10.179454
1707,968,login,2026-04-01 17:04:10.179469
1708,2,post,2026-02-23 17:04:10.179473
1709,62,apply,2026-02-20 17:04:10.179476
1710,375,apply,2026-02-26 17:04:10.179478
1711,338,comment,2026-03-25 17:04:10.179480
1712,873,comment,2026-03-16 17:04:10.179482
1713,645,comment,2026-02-04 17:04:10.179484
1714,92,login,2026-02-14 17:04:10.179485
1715,45,comment,2026-02-09 17:04:10.179487
1716,153,login,2026-02-02 17:04:10.179490
1717,794,comment,2026-03-24 17:04:10.179491
1718,837,comment,2026-03-16 17:04:10.179493
1719,3,apply,2026-03-12 17:04:10.179496
1720,371,comment,2026-03-14 17:04:10.179497
1721,128,comment,2026-03-25 17:04:10.179499
1722,875,login,2026-02-17 17:04:10.179501
1723,361,login,2026-03-21 17:04:10.179502
1724,19,comment,2026-03-25 17:04:10.179504
1725,592,login,2026-03-03 17:04:10.179506
1726,475,comment,2026-03-27 17:04:10.179508
1727,633,login,2026-03-17 17:04:10.179510
1728,911,post,2026-02-13 17:04:10.179512
1729,73,comment,2026-02-22 17:04:10.179513
1730,949,comment,2026-03-04 17:04:10.179516
1731,194,post,2026-03-20 17:04:10.179518
1732,855,post,2026-04-02 17:04:10.179520
1733,563,comment,2026-02-09 17:04:10.179522
1734,761,post,2026-02-16 17:04:10.179523
1735,129,apply,2026-02-24 17:04:10.179525
1736,995,post,2026-03-29 17:04:10.179526
1737,29,comment,2026-02-28 17:04:10.179528
1738,236,comment,2026-02-04 17:04:10.179530
1739,751,post,2026-03-18 17:04:10.179531
1740,365,apply,2026-02-27 17:04:10.179534
1741,932,post,2026-03-28 17:04:10.179535
1742,312,apply,2026-03-25 17:04:10.179537
1743,372,apply,2026-03-31 17:04:10.179539
1744,873,apply,2026-03-11 17:04:10.179541
1745,688,login,2026-03-20 17:04:10.179542
1746,622,post,2026-03-06 17:04:10.179544
1747,296,login,2026-02-26 17:04:10.179545
1748,707,login,2026-03-01 17:04:10.179549
1749,225,apply,2026-03-22 17:04:10.179550
1750,505,post,2026-04-03 17:04:10.179552
1751,553,post,2026-03-18 17:04:10.179555
1752,515,comment,2026-02-16 17:04:10.179557
1753,207,apply,2026-03-10 17:04:10.179558
1754,906,apply,2026-02-17 17:04:10.179560
1755,342,login,2026-03-31 17:04:10.179562
1756,99,apply,2026-03-16 17:04:10.179564
1757,393,post,2026-03-11 17:04:10.179566
1758,520,comment,2026-03-22 17:04:10.179568
1759,282,login,2026-03-20 17:04:10.179570
1760,238,comment,2026-02-28 17:04:10.179571
1761,481,login,2026-03-21 17:04:10.179573
1762,744,comment,2026-04-02 17:04:10.179574
1763,521,login,2026-02-17 17:04:10.179576
1764,998,login,2026-02-18 17:04:10.179578
1765,489,login,2026-02-21 17:04:10.179580
1766,227,post,2026-03-04 17:04:10.179582
1767,798,apply,2026-02-08 17:04:10.179943
1768,558,comment,2026-02-15 17:04:10.179945
1769,934,login,2026-02-08 17:04:10.179947
1770,795,comment,2026-02-03 17:04:10.179949
1771,628,comment,2026-02-07 17:04:10.179951
1772,298,apply,2026-03-15 17:04:10.179953
1773,213,apply,2026-03-23 17:04:10.179954
1774,630,comment,2026-02-09 17:04:10.179956
1775,843,comment,2026-03-12 17:04:10.179958
1776,183,apply,2026-03-31 17:04:10.179960
1777,957,post,2026-04-03 17:04:10.179961
1778,677,post,2026-03-25 17:04:10.179964
1779,935,comment,2026-02-20 17:04:10.179966
1780,555,login,2026-03-20 17:04:10.179968
1781,315,login,2026-02-21 17:04:10.179970
1782,292,login,2026-02-27 17:04:10.179972
1783,774,apply,2026-02-13 17:04:10.179973
1784,742,post,2026-03-02 17:04:10.179975
1785,625,apply,2026-03-12 17:04:10.179977
1786,699,comment,2026-03-05 17:04:10.179978
1787,28,comment,2026-02-17 17:04:10.179980
1788,278,comment,2026-03-07 17:04:10.179982
1789,286,apply,2026-02-27 17:04:10.179983
1790,738,post,2026-02-28 17:04:10.180177
1791,678,apply,2026-03-14 17:04:10.180206
1792,31,post,2026-02-28 17:04:10.180209
1793,640,post,2026-03-10 17:04:10.180210
1794,216,login,2026-02-04 17:04:10.180212
1795,622,comment,2026-03-22 17:04:10.180214
1796,612,login,2026-03-05 17:04:10.180215
1797,690,apply,2026-02-16 17:04:10.180217
1798,782,comment,2026-03-20 17:04:10.180219
1799,568,login,2026-03-22 17:04:10.180221
1800,222,apply,2026-02-17 17:04:10.180222
1801,175,post,2026-02-27 17:04:10.180224
1802,902,post,2026-02-18 17:04:10.180225
1803,238,comment,2026-03-02 17:04:10.180227
1804,801,comment,2026-03-06 17:04:10.180228
1805,329,login,2026-03-30 17:04:10.180230
1806,151,comment,2026-02-20 17:04:10.180232
1807,467,post,2026-02-20 17:04:10.180234
1808,846,post,2026-02-12 17:04:10.180235
1809,510,login,2026-03-10 17:04:10.180237
1810,581,apply,2026-02-15 17:04:10.180239
1811,188,post,2026-02-20 17:04:10.180241
1812,476,post,2026-02-25 17:04:10.180242
1813,835,comment,2026-03-13 17:04:10.180244
1814,286,login,2026-02-19 17:04:10.180246
1815,275,comment,2026-03-20 17:04:10.180248
1816,458,login,2026-03-07 17:04:10.180250
1817,471,apply,2026-04-01 17:04:10.180251
1818,25,post,2026-03-20 17:04:10.180253
1819,261,comment,2026-02-06 17:04:10.180255
1820,102,post,2026-03-16 17:04:10.180256
1821,552,login,2026-02-21 17:04:10.180258
1822,677,apply,2026-02-11 17:04:10.180260
1823,396,login,2026-03-15 17:04:10.180262
1824,974,post,2026-02-06 17:04:10.180263
1825,278,comment,2026-02-28 17:04:10.180265
1826,678,apply,2026-03-13 17:04:10.180267
1827,10,apply,2026-03-24 17:04:10.180268
1828,66,comment,2026-03-24 17:04:10.180270
1829,629,login,2026-02-15 17:04:10.180271
1830,581,post,2026-03-22 17:04:10.180273
1831,583,apply,2026-02-16 17:04:10.180275
1832,510,comment,2026-03-02 17:04:10.180276
1833,866,post,2026-02-18 17:04:10.180278
1834,385,apply,2026-03-17 17:04:10.180280
1835,855,apply,2026-02-27 17:04:10.180281
1836,821,apply,2026-02-06 17:04:10.180283
1837,460,login,2026-03-20 17:04:10.180284
1838,716,post,2026-03-06 17:04:10.180286
1839,54,apply,2026-03-19 17:04:10.180288
1840,562,comment,2026-02-13 17:04:10.180289
1841,728,login,2026-02-09 17:04:10.180291
1842,66,apply,2026-03-21 17:04:10.180292
1843,481,login,2026-03-07 17:04:10.180294
1844,772,comment,2026-03-12 17:04:10.180296
1845,738,post,2026-03-18 17:04:10.180297
1846,605,comment,2026-03-03 17:04:10.180299
1847,448,apply,2026-02-09 17:04:10.180301
1848,942,apply,2026-03-04 17:04:10.180303
1849,737,login,2026-02-19 17:04:10.180304
1850,966,login,2026-02-24 17:04:10.180306
1851,393,comment,2026-03-06 17:04:10.180307
1852,366,comment,2026-02-18 17:04:10.180309
1853,246,post,2026-03-06 17:04:10.180310
1854,516,comment,2026-03-03 17:04:10.180312
1855,510,post,2026-03-31 17:04:10.180314
1856,643,comment,2026-03-11 17:04:10.180315
1857,688,post,2026-02-03 17:04:10.180317
1858,730,comment,2026-02-24 17:04:10.180318
1859,371,comment,2026-03-11 17:04:10.180320
1860,278,comment,2026-03-15 17:04:10.180322
1861,214,apply,2026-02-23 17:04:10.180323
1862,292,apply,2026-02-10 17:04:10.180325
1863,63,apply,2026-02-17 17:04:10.180326
1864,818,comment,2026-03-03 17:04:10.180328
1865,245,comment,2026-02-10 17:04:10.180329
1866,130,post,2026-02-16 17:04:10.180331
1867,283,comment,2026-02-11 17:04:10.180333
1868,351,post,2026-02-16 17:04:10.180334
1869,850,comment,2026-03-06 17:04:10.180336
1870,779,comment,2026-02-07 17:04:10.180338
1871,659,apply,2026-02-13 17:04:10.180339
1872,875,apply,2026-02-28 17:04:10.180341
1873,155,comment,2026-03-24 17:04:10.180343
1874,849,login,2026-03-14 17:04:10.180346
1875,375,login,2026-02-21 17:04:10.180348
1876,913,apply,2026-02-06 17:04:10.180350
1877,197,comment,2026-02-12 17:04:10.180352
1878,40,comment,2026-02-08 17:04:10.180353
1879,453,comment,2026-03-10 17:04:10.180355
1880,683,apply,2026-02-24 17:04:10.180357
1881,378,comment,2026-02-28 17:04:10.180359
1882,323,comment,2026-02-07 17:04:10.180361
1883,745,post,2026-03-15 17:04:10.180362
1884,193,comment,2026-02-10 17:04:10.180364
1885,325,post,2026-03-22 17:04:10.180366
1886,638,login,2026-03-22 17:04:10.180367
1887,851,post,2026-02-25 17:04:10.180369
1888,655,comment,2026-04-02 17:04:10.180371
1889,192,comment,2026-02-08 17:04:10.180373
1890,514,login,2026-02-27 17:04:10.180374
1891,23,comment,2026-03-28 17:04:10.180376
1892,769,post,2026-03-14 17:04:10.180377
1893,403,apply,2026-02-20 17:04:10.180379
1894,640,post,2026-03-23 17:04:10.180381
1895,569,post,2026-02-05 17:04:10.180382
1896,104,comment,2026-02-19 17:04:10.180384
1897,270,comment,2026-02-04 17:04:10.180385
1898,195,comment,2026-03-24 17:04:10.180387
1899,115,comment,2026-03-11 17:04:10.180389
1900,984,post,2026-02-19 17:04:10.180391
1901,53,apply,2026-03-02 17:04:10.180392
1902,632,login,2026-02-15 17:04:10.180394
1903,508,login,2026-04-01 17:04:10.180396
1904,425,post,2026-03-04 17:04:10.180397
1905,960,apply,2026-02-13 17:04:10.180399
1906,704,post,2026-03-28 17:04:10.180401
1907,422,post,2026-02-28 17:04:10.180403
1908,771,comment,2026-03-07 17:04:10.180404
1909,148,login,2026-03-12 17:04:10.180406
1910,36,post,2026-02-09 17:04:10.180407
1911,535,post,2026-02-23 17:04:10.180409
1912,39,login,2026-04-03 17:04:10.180411
1913,913,post,2026-03-29 17:04:10.180413
1914,124,apply,2026-03-05 17:04:10.180415
1915,243,comment,2026-02-09 17:04:10.180416
1916,770,login,2026-02-10 17:04:10.180418
1917,824,login,2026-03-26 17:04:10.180420
1918,998,comment,2026-03-17 17:04:10.180421
1919,440,login,2026-02-19 17:04:10.180423
1920,274,login,2026-02-22 17:04:10.180425
1921,317,login,2026-02-03 17:04:10.180426
1922,111,apply,2026-03-08 17:04:10.180428
1923,548,login,2026-02-24 17:04:10.180430
1924,789,comment,2026-02-06 17:04:10.180431
1925,799,login,2026-02-08 17:04:10.180433
1926,649,post,2026-02-03 17:04:10.180435
1927,412,comment,2026-03-01 17:04:10.180436
1928,833,comment,2026-02-23 17:04:10.180438
1929,979,apply,2026-03-21 17:04:10.180440
1930,508,post,2026-02-08 17:04:10.180441
1931,959,apply,2026-03-11 17:04:10.180443
1932,380,post,2026-02-20 17:04:10.180445
1933,3,login,2026-02-03 17:04:10.180446
1934,253,apply,2026-03-05 17:04:10.180448
1935,796,post,2026-02-21 17:04:10.180450
1936,660,comment,2026-02-19 17:04:10.180451
1937,92,login,2026-03-23 17:04:10.180453
1938,842,login,2026-03-20 17:04:10.180454
1939,941,post,2026-03-01 17:04:10.180456
1940,467,apply,2026-02-18 17:04:10.180458
1941,865,post,2026-03-12 17:04:10.180459
1942,517,apply,2026-03-30 17:04:10.180461
1943,478,comment,2026-02-14 17:04:10.180463
1944,958,comment,2026-02-13 17:04:10.180465
1945,350,login,2026-02-28 17:04:10.180467
1946,500,login,2026-03-11 17:04:10.180469
1947,360,comment,2026-03-16 17:04:10.180470
1948,760,post,2026-02-11 17:04:10.180472
1949,845,apply,2026-02-04 17:04:10.180473
1950,508,post,2026-02-12 17:04:10.180475
1951,788,comment,2026-02-08 17:04:10.180477
1952,214,apply,2026-03-17 17:04:10.180479
1953,581,post,2026-02-23 17:04:10.180481
1954,38,apply,2026-03-10 17:04:10.180482
1955,695,post,2026-02-04 17:04:10.180484
1956,469,post,2026-02-11 17:04:10.180486
1957,898,comment,2026-02-08 17:04:10.180487
1958,926,login,2026-02-26 17:04:10.180490
1959,217,comment,2026-02-20 17:04:10.180491
1960,926,login,2026-03-01 17:04:10.180493
1961,226,login,2026-03-29 17:04:10.180495
1962,276,apply,2026-02-14 17:04:10.180496
1963,722,apply,2026-02-17 17:04:10.180498
1964,15,comment,2026-02-02 17:04:10.180500
1965,791,comment,2026-02-17 17:04:10.180502
1966,869,apply,2026-03-13 17:04:10.180504
1967,46,comment,2026-04-01 17:04:10.180505
1968,155,login,2026-03-12 17:04:10.180507
1969,934,post,2026-02-15 17:04:10.180509
1970,17,post,2026-02-25 17:04:10.180510
1971,562,apply,2026-03-07 17:04:10.180512
1972,723,apply,2026-02-18 17:04:10.180514
1973,233,post,2026-02-16 17:04:10.180515
1974,595,apply,2026-02-07 17:04:10.180517
1975,414,comment,2026-02-06 17:04:10.180519
1976,660,login,2026-03-02 17:04:10.180524
1977,474,comment,2026-02-06 17:04:10.180526
1978,5,comment,2026-02-07 17:04:10.180528
1979,97,apply,2026-02-20 17:04:10.180530
1980,524,login,2026-02-06 17:04:10.180531
1981,1,login,2026-03-10 17:04:10.180533
1982,550,login,2026-03-20 17:04:10.180535
1983,455,apply,2026-02-17 17:04:10.180537
1984,904,post,2026-02-20 17:04:10.180539
1985,353,comment,2026-03-20 17:04:10.180540
1986,812,login,2026-03-04 17:04:10.180542
1987,538,comment,2026-03-19 17:04:10.180544
1988,643,apply,2026-02-16 17:04:10.180545
1989,723,login,2026-03-26 17:04:10.180547
1990,546,apply,2026-03-31 17:04:10.180549
1991,38,apply,2026-03-30 17:04:10.180550
1992,639,apply,2026-02-07 17:04:10.180553
1993,974,apply,2026-03-17 17:04:10.180554
1994,981,login,2026-02-03 17:04:10.180556
1995,258,comment,2026-02-21 17:04:10.180557
1996,825,post,2026-03-31 17:04:10.180559
1997,871,post,2026-02-27 17:04:10.180561
1998,863,apply,2026-03-13 17:04:10.180563
1999,304,post,2026-02-17 17:04:10.180565
2000,919,login,2026-03-21 17:04:10.180567
