post_id,user_id,content,created_at,role,college_id
1,751,Post content 1,2025-09-12 21:48:00.752180,alumni,104
2,424,Post content 2,2025-10-06 21:48:00.753343,alumni,102
3,972,Post content 3,2026-01-12 21:48:00.753431,alumni,103
4,306,Post content 4,2025-11-19 21:48:00.753437,admin,102
5,345,Post content 5,2025-10-17 21:48:00.753442,admin,101
6,283,Post content 6,2025-09-17 21:48:00.753447,admin,103
7,28,Post content 7,2026-01-04 21:48:00.753452,alumni,101
8,562,Post content 8,2025-11-27 21:48:00.753455,admin,102
9,621,Post content 9,2026-02-04 21:48:00.753459,admin,102
10,459,Post content 10,2025-09-14 21:48:00.753465,admin,101
11,164,Post content 11,2025-12-13 21:48:00.753470,admin,103
12,707,Post content 12,2025-09-17 21:48:00.753476,student,104
13,937,Post content 13,2026-01-21 21:48:00.753480,student,104
14,128,Post content 14,2026-02-10 21:48:00.753484,alumni,102
15,328,Post content 15,2025-11-21 21:48:00.753490,alumni,103
16,445,Post content 16,2025-11-11 21:48:00.753493,admin,102
17,705,Post content 17,2025-09-25 21:48:00.753496,alumni,105
18,244,Post content 18,2025-12-15 21:48:00.753499,alumni,105
19,350,Post content 19,2025-11-09 21:48:00.753502,alumni,102
20,225,Post content 20,2026-02-05 21:48:00.753505,alumni,104
21,241,Post content 21,2025-09-22 21:48:00.753507,student,102
22,633,Post content 22,2025-12-15 21:48:00.753510,alumni,104
23,48,Post content 23,2025-12-22 21:48:00.753512,admin,105
24,6,Post content 24,2025-10-10 21:48:00.753515,admin,104
25,599,Post content 25,2025-11-16 21:48:00.753518,student,102
26,952,Post content 26,2025-12-15 21:48:00.753521,alumni,103
27,159,Post content 27,2025-11-08 21:48:00.753524,admin,102
28,242,Post content 28,2025-12-16 21:48:00.753527,admin,104
29,953,Post content 29,2026-01-19 21:48:00.753529,admin,103
30,957,Post content 30,2025-10-11 21:48:00.753532,alumni,103
31,351,Post content 31,2025-11-27 21:48:00.753534,admin,103
32,294,Post content 32,2025-11-03 21:48:00.753537,student,102
33,117,Post content 33,2025-09-09 21:48:00.753540,admin,104
34,393,Post content 34,2025-10-27 21:48:00.753543,alumni,105
35,482,Post content 35,2025-09-10 21:48:00.753564,alumni,104
36,830,Post content 36,2025-12-17 21:48:00.753567,alumni,105
37,244,Post content 37,2025-09-19 21:48:00.753569,admin,104
38,243,Post content 38,2025-12-25 21:48:00.753572,admin,105
39,649,Post content 39,2025-09-11 21:48:00.753574,alumni,105
40,643,Post content 40,2026-02-22 21:48:00.753577,alumni,105
41,747,Post content 41,2026-01-08 21:48:00.753579,student,103
42,884,Post content 42,2025-12-02 21:48:00.753582,admin,103
43,27,Post content 43,2025-09-22 21:48:00.753585,student,101
44,699,Post content 44,2025-10-21 21:48:00.753588,student,105
45,302,Post content 45,2025-09-15 21:48:00.753590,alumni,104
46,305,Post content 46,2025-12-27 21:48:00.753592,alumni,102
47,384,Post content 47,2025-12-26 21:48:00.753595,admin,105
48,393,Post content 48,2025-11-14 21:48:00.753597,alumni,103
49,193,Post content 49,2026-01-07 21:48:00.753600,admin,104
50,418,Post content 50,2026-02-06 21:48:00.753602,admin,104
51,248,Post content 51,2025-10-18 21:48:00.753605,alumni,101
52,213,Post content 52,2025-10-08 21:48:00.753607,admin,102
53,219,Post content 53,2026-02-16 21:48:00.753609,alumni,101
54,85,Post content 54,2025-10-15 21:48:00.753613,alumni,101
55,398,Post content 55,2025-09-04 21:48:00.753616,alumni,103
56,812,Post content 56,2025-09-29 21:48:00.753618,admin,102
57,158,Post content 57,2025-10-07 21:48:00.753621,alumni,105
58,135,Post content 58,2025-11-23 21:48:00.753623,student,102
59,149,Post content 59,2025-09-18 21:48:00.753626,admin,101
60,702,Post content 60,2026-02-18 21:48:00.753629,admin,102
61,762,Post content 61,2025-11-17 21:48:00.753632,student,102
62,830,Post content 62,2025-10-19 21:48:00.753634,admin,103
63,968,Post content 63,2025-10-06 21:48:00.753636,admin,103
64,934,Post content 64,2026-01-31 21:48:00.753639,alumni,103
65,39,Post content 65,2026-01-08 21:48:00.753641,alumni,102
66,890,Post content 66,2026-01-31 21:48:00.753648,admin,103
67,831,Post content 67,2025-11-18 21:48:00.753651,admin,104
68,781,Post content 68,2025-09-30 21:48:00.753653,admin,103
69,318,Post content 69,2025-08-30 21:48:00.753657,student,101
70,570,Post content 70,2025-09-15 21:48:00.753659,admin,101
71,695,Post content 71,2025-10-18 21:48:00.753668,admin,104
72,683,Post content 72,2026-02-11 21:48:00.753670,alumni,105
73,378,Post content 73,2025-11-18 21:48:00.753673,student,103
74,667,Post content 74,2025-09-15 21:48:00.753675,student,102
75,251,Post content 75,2025-11-05 21:48:00.753678,admin,103
76,353,Post content 76,2026-01-31 21:48:00.753680,admin,102
77,667,Post content 77,2025-12-11 21:48:00.753682,student,101
78,970,Post content 78,2025-12-29 21:48:00.753690,admin,102
79,371,Post content 79,2026-01-05 21:48:00.753692,admin,101
80,236,Post content 80,2025-09-19 21:48:00.753695,admin,103
81,48,Post content 81,2026-01-02 21:48:00.753697,student,102
82,475,Post content 82,2025-12-19 21:48:00.753700,admin,103
83,439,Post content 83,2025-09-26 21:48:00.753702,admin,105
84,549,Post content 84,2026-02-11 21:48:00.753704,admin,101
85,902,Post content 85,2025-12-04 21:48:00.753707,admin,101
86,220,Post content 86,2025-12-12 21:48:00.753709,admin,103
87,79,Post content 87,2026-01-09 21:48:00.753711,alumni,104
88,299,Post content 88,2025-11-14 21:48:00.753714,alumni,102
89,264,Post content 89,2026-01-13 21:48:00.753716,admin,104
90,484,Post content 90,2025-09-26 21:48:00.753718,alumni,101
91,363,Post content 91,2025-12-21 21:48:00.753721,alumni,104
92,322,Post content 92,2025-10-24 21:48:00.753724,alumni,101
93,558,Post content 93,2025-08-30 21:48:00.753727,student,103
94,923,Post content 94,2025-11-18 21:48:00.753731,admin,103
95,353,Post content 95,2025-10-28 21:48:00.753734,admin,103
96,330,Post content 96,2025-11-07 21:48:00.753736,student,103
97,290,Post content 97,2025-10-12 21:48:00.753739,alumni,103
98,109,Post content 98,2025-10-07 21:48:00.753742,admin,105
99,591,Post content 99,2025-09-19 21:48:00.753744,student,104
100,2,Post content 100,2025-09-15 21:48:00.753747,alumni,105
101,511,Post content 101,2026-02-02 21:48:00.753749,admin,101
102,86,Post content 102,2025-12-25 21:48:00.753752,alumni,103
103,437,Post content 103,2026-02-20 21:48:00.753754,admin,103
104,436,Post content 104,2025-10-08 21:48:00.753756,alumni,104
105,135,Post content 105,2025-12-20 21:48:00.753759,student,102
106,42,Post content 106,2025-09-09 21:48:00.753762,student,105
107,800,Post content 107,2025-10-20 21:48:00.753764,alumni,102
108,495,Post content 108,2025-11-04 21:48:00.753766,admin,104
109,674,Post content 109,2026-02-18 21:48:00.753769,alumni,105
110,180,Post content 110,2025-10-27 21:48:00.753773,student,105
111,87,Post content 111,2025-10-05 21:48:00.753776,admin,103
112,233,Post content 112,2025-09-11 21:48:00.753778,admin,103
113,535,Post content 113,2026-02-08 21:48:00.753781,student,101
114,855,Post content 114,2026-02-21 21:48:00.753785,student,103
115,609,Post content 115,2025-11-27 21:48:00.753790,admin,102
116,415,Post content 116,2025-10-30 21:48:00.753794,student,103
117,740,Post content 117,2025-09-26 21:48:00.753797,alumni,104
118,884,Post content 118,2025-10-12 21:48:00.753809,admin,102
119,841,Post content 119,2025-09-30 21:48:00.753812,alumni,103
120,353,Post content 120,2025-09-22 21:48:00.753816,student,102
121,56,Post content 121,2026-02-01 21:48:00.753820,alumni,101
122,570,Post content 122,2025-11-24 21:48:00.753824,student,104
123,953,Post content 123,2026-01-03 21:48:00.753827,student,105
124,745,Post content 124,2026-01-09 21:48:00.753830,alumni,101
125,767,Post content 125,2026-01-20 21:48:00.753833,admin,101
126,166,Post content 126,2025-09-06 21:48:00.753836,alumni,101
127,815,Post content 127,2025-09-26 21:48:00.753839,admin,101
128,204,Post content 128,2025-12-04 21:48:00.753843,alumni,104
129,654,Post content 129,2025-11-09 21:48:00.753847,student,104
130,320,Post content 130,2025-12-01 21:48:00.753853,admin,101
131,194,Post content 131,2025-09-21 21:48:00.753857,student,105
132,131,Post content 132,2025-10-14 21:48:00.753860,alumni,103
133,355,Post content 133,2026-01-12 21:48:00.753863,student,101
134,837,Post content 134,2025-11-12 21:48:00.753866,alumni,103
135,702,Post content 135,2025-10-20 21:48:00.753869,admin,103
136,321,Post content 136,2026-01-06 21:48:00.753872,alumni,102
137,177,Post content 137,2026-02-03 21:48:00.753875,student,103
138,249,Post content 138,2025-12-25 21:48:00.753879,admin,104
139,226,Post content 139,2025-12-29 21:48:00.753882,alumni,103
140,564,Post content 140,2025-10-29 21:48:00.753885,admin,102
141,482,Post content 141,2025-09-18 21:48:00.753889,admin,104
142,342,Post content 142,2025-12-11 21:48:00.753892,alumni,104
143,900,Post content 143,2025-10-08 21:48:00.753895,alumni,102
144,202,Post content 144,2025-09-27 21:48:00.753899,student,102
145,260,Post content 145,2025-11-13 21:48:00.753903,student,101
146,318,Post content 146,2025-10-11 21:48:00.753906,alumni,104
147,161,Post content 147,2025-09-15 21:48:00.753910,alumni,101
148,918,Post content 148,2026-01-21 21:48:00.753913,alumni,101
149,574,Post content 149,2025-09-25 21:48:00.753916,admin,103
150,480,Post content 150,2025-12-24 21:48:00.753922,student,102
151,319,Post content 151,2025-12-27 21:48:00.753926,student,104
152,795,Post content 152,2025-09-06 21:48:00.753930,alumni,105
153,547,Post content 153,2025-12-20 21:48:00.753933,alumni,103
154,95,Post content 154,2025-12-02 21:48:00.753936,student,103
155,142,Post content 155,2025-12-07 21:48:00.753940,admin,101
156,833,Post content 156,2026-02-09 21:48:00.753953,admin,104
157,326,Post content 157,2025-11-09 21:48:00.753957,admin,102
158,73,Post content 158,2026-02-08 21:48:00.753960,alumni,101
159,821,Post content 159,2026-01-22 21:48:00.753964,alumni,101
160,916,Post content 160,2025-11-21 21:48:00.753967,admin,103
161,884,Post content 161,2025-11-28 21:48:00.753971,admin,104
162,29,Post content 162,2025-08-30 21:48:00.753974,student,105
163,16,Post content 163,2025-12-03 21:48:00.753978,alumni,102
164,640,Post content 164,2025-12-31 21:48:00.753981,alumni,102
165,935,Post content 165,2025-12-30 21:48:00.753984,alumni,102
166,1000,Post content 166,2025-09-14 21:48:00.753987,alumni,101
167,533,Post content 167,2026-02-14 21:48:00.753991,alumni,101
168,550,Post content 168,2025-10-05 21:48:00.753994,student,104
169,973,Post content 169,2025-12-31 21:48:00.753997,alumni,105
170,732,Post content 170,2026-02-23 21:48:00.754001,alumni,103
171,437,Post content 171,2026-02-12 21:48:00.754004,admin,104
172,699,Post content 172,2025-09-15 21:48:00.754007,alumni,105
173,98,Post content 173,2025-09-17 21:48:00.754011,student,104
174,751,Post content 174,2025-10-31 21:48:00.754017,student,104
175,720,Post content 175,2025-12-27 21:48:00.754021,student,102
176,834,Post content 176,2025-11-13 21:48:00.754024,student,101
177,248,Post content 177,2025-10-27 21:48:00.754027,student,103
178,308,Post content 178,2026-02-03 21:48:00.754030,alumni,103
179,531,Post content 179,2025-09-04 21:48:00.754034,student,102
180,757,Post content 180,2025-10-31 21:48:00.754038,alumni,101
181,653,Post content 181,2026-01-25 21:48:00.754041,student,102
182,383,Post content 182,2025-11-27 21:48:00.754045,alumni,104
183,259,Post content 183,2026-02-13 21:48:00.754048,alumni,101
184,122,Post content 184,2025-12-08 21:48:00.754051,admin,101
185,515,Post content 185,2026-01-23 21:48:00.754055,student,104
186,804,Post content 186,2025-09-08 21:48:00.754058,student,102
187,223,Post content 187,2026-02-11 21:48:00.754062,student,105
188,561,Post content 188,2025-09-22 21:48:00.754065,student,101
189,764,Post content 189,2025-10-12 21:48:00.754068,alumni,102
190,994,Post content 190,2025-11-10 21:48:00.754072,student,105
191,909,Post content 191,2025-09-24 21:48:00.754075,alumni,101
192,327,Post content 192,2025-11-24 21:48:00.754078,student,102
193,732,Post content 193,2025-11-18 21:48:00.754081,student,103
194,389,Post content 194,2025-10-08 21:48:00.754085,alumni,102
195,271,Post content 195,2026-02-02 21:48:00.754088,student,102
196,580,Post content 196,2025-12-23 21:48:00.754091,student,102
197,198,Post content 197,2025-10-23 21:48:00.754094,alumni,101
198,556,Post content 198,2025-10-02 21:48:00.754098,student,102
199,383,Post content 199,2026-01-28 21:48:00.754101,alumni,105
200,894,Post content 200,2025-09-24 21:48:00.754104,admin,103
201,796,Post content 201,2025-10-16 21:48:00.754107,admin,104
202,146,Post content 202,2025-10-15 21:48:00.754113,alumni,105
203,413,Post content 203,2026-01-02 21:48:00.754116,admin,103
204,398,Post content 204,2025-08-31 21:48:00.754119,admin,102
205,850,Post content 205,2025-10-11 21:48:00.754122,admin,102
206,66,Post content 206,2025-11-24 21:48:00.754126,student,104
207,556,Post content 207,2026-02-24 21:48:00.754129,admin,104
208,662,Post content 208,2026-02-07 21:48:00.754133,admin,101
209,602,Post content 209,2025-09-10 21:48:00.754136,admin,104
210,744,Post content 210,2025-11-18 21:48:00.754139,student,104
211,473,Post content 211,2025-10-06 21:48:00.754142,alumni,104
212,529,Post content 212,2025-08-31 21:48:00.754145,admin,104
213,644,Post content 213,2025-11-13 21:48:00.754148,student,101
214,101,Post content 214,2025-09-12 21:48:00.754151,student,102
215,949,Post content 215,2025-11-19 21:48:00.754155,student,105
216,854,Post content 216,2025-09-19 21:48:00.754158,alumni,104
217,871,Post content 217,2025-11-25 21:48:00.754161,alumni,101
218,614,Post content 218,2025-12-11 21:48:00.754164,admin,102
219,807,Post content 219,2025-11-30 21:48:00.754167,alumni,101
220,458,Post content 220,2026-01-11 21:48:00.754171,admin,101
221,495,Post content 221,2025-09-15 21:48:00.754174,alumni,105
222,145,Post content 222,2025-11-23 21:48:00.754177,student,103
223,370,Post content 223,2025-10-31 21:48:00.754180,admin,103
224,828,Post content 224,2026-02-03 21:48:00.754183,alumni,102
225,256,Post content 225,2025-11-09 21:48:00.754186,alumni,105
226,884,Post content 226,2026-01-17 21:48:00.754189,alumni,103
227,917,Post content 227,2025-11-05 21:48:00.754193,student,105
228,673,Post content 228,2025-09-26 21:48:00.754196,alumni,105
229,860,Post content 229,2026-01-16 21:48:00.754199,admin,103
230,351,Post content 230,2025-11-30 21:48:00.754202,admin,103
231,606,Post content 231,2026-02-07 21:48:00.754205,alumni,103
232,819,Post content 232,2025-10-19 21:48:00.754208,alumni,105
233,820,Post content 233,2025-12-09 21:48:00.754212,student,105
234,508,Post content 234,2025-10-03 21:48:00.754218,alumni,103
235,257,Post content 235,2025-11-07 21:48:00.754221,student,101
236,205,Post content 236,2025-09-30 21:48:00.754224,alumni,102
237,469,Post content 237,2025-10-28 21:48:00.754228,alumni,102
238,71,Post content 238,2025-09-13 21:48:00.754231,student,105
239,924,Post content 239,2025-09-25 21:48:00.754234,alumni,104
240,741,Post content 240,2025-12-29 21:48:00.754237,student,103
241,556,Post content 241,2025-09-01 21:48:00.754240,student,102
242,773,Post content 242,2025-09-14 21:48:00.754250,alumni,102
243,71,Post content 243,2025-09-19 21:48:00.754253,admin,102
244,569,Post content 244,2026-02-10 21:48:00.754256,alumni,103
245,28,Post content 245,2025-12-16 21:48:00.754259,alumni,101
246,345,Post content 246,2026-01-12 21:48:00.754263,admin,105
247,999,Post content 247,2026-01-02 21:48:00.754266,admin,103
248,934,Post content 248,2026-02-23 21:48:00.754270,admin,104
249,971,Post content 249,2025-10-11 21:48:00.754274,student,104
250,67,Post content 250,2025-10-10 21:48:00.754277,alumni,104
251,638,Post content 251,2026-02-06 21:48:00.754280,student,103
252,858,Post content 252,2025-09-16 21:48:00.754283,admin,103
253,995,Post content 253,2026-02-08 21:48:00.754286,alumni,104
254,740,Post content 254,2025-12-14 21:48:00.754289,alumni,105
255,976,Post content 255,2025-11-30 21:48:00.754292,student,105
256,959,Post content 256,2025-10-15 21:48:00.754296,student,102
257,456,Post content 257,2025-11-19 21:48:00.754299,student,101
258,167,Post content 258,2026-01-30 21:48:00.754302,student,105
259,552,Post content 259,2025-12-31 21:48:00.754305,student,104
260,662,Post content 260,2025-11-06 21:48:00.754309,admin,103
261,959,Post content 261,2025-09-13 21:48:00.754312,alumni,104
262,715,Post content 262,2025-11-01 21:48:00.754315,student,101
263,750,Post content 263,2025-10-04 21:48:00.754318,student,103
264,70,Post content 264,2026-01-05 21:48:00.754322,admin,102
265,832,Post content 265,2025-11-23 21:48:00.754324,student,105
266,353,Post content 266,2026-01-05 21:48:00.754328,student,101
267,939,Post content 267,2025-11-20 21:48:00.754331,alumni,101
268,18,Post content 268,2026-01-07 21:48:00.754335,student,104
269,304,Post content 269,2025-12-30 21:48:00.754338,student,102
270,594,Post content 270,2025-10-27 21:48:00.754344,admin,104
271,764,Post content 271,2026-01-06 21:48:00.754348,admin,105
272,140,Post content 272,2025-12-19 21:48:00.754351,student,105
273,232,Post content 273,2025-11-08 21:48:00.754354,alumni,101
274,855,Post content 274,2025-11-05 21:48:00.754357,student,102
275,517,Post content 275,2025-12-12 21:48:00.754360,admin,102
276,854,Post content 276,2025-09-04 21:48:00.754363,alumni,104
277,82,Post content 277,2026-02-15 21:48:00.754367,admin,101
278,115,Post content 278,2026-02-15 21:48:00.754370,alumni,103
279,731,Post content 279,2025-12-20 21:48:00.754373,alumni,102
280,170,Post content 280,2026-01-03 21:48:00.754376,alumni,103
281,479,Post content 281,2026-01-11 21:48:00.754380,student,105
282,766,Post content 282,2025-11-28 21:48:00.754384,student,103
283,976,Post content 283,2026-02-17 21:48:00.754387,admin,103
284,520,Post content 284,2026-01-01 21:48:00.754390,admin,102
285,865,Post content 285,2026-02-12 21:48:00.754394,student,101
286,409,Post content 286,2026-01-22 21:48:00.754397,student,104
287,194,Post content 287,2025-12-04 21:48:00.754401,alumni,105
288,498,Post content 288,2025-11-29 21:48:00.754404,alumni,101
289,527,Post content 289,2025-09-13 21:48:00.754407,alumni,101
290,873,Post content 290,2026-01-30 21:48:00.754411,admin,105
291,780,Post content 291,2026-01-04 21:48:00.754414,admin,104
292,728,Post content 292,2025-09-10 21:48:00.754418,student,103
293,657,Post content 293,2026-02-08 21:48:00.754422,alumni,105
294,750,Post content 294,2025-10-26 21:48:00.754432,student,105
295,511,Post content 295,2025-11-08 21:48:00.754436,student,102
296,873,Post content 296,2026-01-23 21:48:00.754440,admin,105
297,191,Post content 297,2026-02-23 21:48:00.754443,alumni,105
298,743,Post content 298,2026-01-16 21:48:00.754447,student,105
299,223,Post content 299,2025-10-13 21:48:00.754450,alumni,105
300,153,Post content 300,2025-10-07 21:48:00.754454,student,102
301,794,Post content 301,2026-01-25 21:48:00.754457,admin,104
302,303,Post content 302,2025-08-30 21:48:00.754462,student,104
303,320,Post content 303,2025-09-10 21:48:00.754465,admin,104
304,127,Post content 304,2025-10-11 21:48:00.754469,admin,104
305,773,Post content 305,2026-01-14 21:48:00.754473,student,104
306,126,Post content 306,2025-11-13 21:48:00.754478,alumni,101
307,856,Post content 307,2025-11-20 21:48:00.754482,student,101
308,913,Post content 308,2025-09-17 21:48:00.754485,admin,105
309,553,Post content 309,2025-09-15 21:48:00.754488,admin,101
310,479,Post content 310,2025-11-03 21:48:00.754495,admin,105
311,255,Post content 311,2026-02-25 21:48:00.754498,alumni,102
312,862,Post content 312,2025-12-01 21:48:00.754502,admin,105
313,573,Post content 313,2026-02-22 21:48:00.754505,student,104
314,155,Post content 314,2026-02-17 21:48:00.754509,admin,101
315,756,Post content 315,2025-10-10 21:48:00.754513,admin,104
316,688,Post content 316,2025-12-11 21:48:00.754516,alumni,104
317,819,Post content 317,2025-09-10 21:48:00.754520,admin,101
318,646,Post content 318,2026-02-08 21:48:00.754525,student,102
319,290,Post content 319,2026-02-25 21:48:00.754528,admin,104
320,128,Post content 320,2025-09-15 21:48:00.754532,admin,101
321,191,Post content 321,2025-10-21 21:48:00.754534,admin,104
322,906,Post content 322,2025-11-19 21:48:00.754539,student,104
323,830,Post content 323,2025-11-30 21:48:00.754543,alumni,102
324,875,Post content 324,2026-01-25 21:48:00.754546,admin,104
325,40,Post content 325,2025-11-03 21:48:00.754550,student,102
326,534,Post content 326,2025-09-02 21:48:00.754561,alumni,101
327,185,Post content 327,2025-11-07 21:48:00.754564,student,105
328,232,Post content 328,2025-09-24 21:48:00.754568,student,103
329,559,Post content 329,2025-09-30 21:48:00.754571,alumni,101
330,541,Post content 330,2025-10-01 21:48:00.754575,admin,102
331,327,Post content 331,2026-01-10 21:48:00.754578,admin,104
332,583,Post content 332,2025-12-05 21:48:00.754582,alumni,105
333,916,Post content 333,2026-02-24 21:48:00.754585,admin,103
334,902,Post content 334,2025-09-10 21:48:00.754588,alumni,104
335,842,Post content 335,2026-01-01 21:48:00.754591,admin,101
336,804,Post content 336,2026-02-02 21:48:00.754594,student,102
337,815,Post content 337,2026-02-14 21:48:00.754597,student,104
338,593,Post content 338,2025-09-19 21:48:00.754600,admin,105
339,973,Post content 339,2025-09-28 21:48:00.754603,alumni,101
340,71,Post content 340,2025-12-01 21:48:00.754607,admin,104
341,521,Post content 341,2025-10-22 21:48:00.754610,student,102
342,871,Post content 342,2025-08-30 21:48:00.754613,alumni,101
343,719,Post content 343,2025-09-24 21:48:00.754616,alumni,103
344,538,Post content 344,2025-12-31 21:48:00.754619,student,101
345,43,Post content 345,2025-10-05 21:48:00.754623,alumni,103
346,350,Post content 346,2025-11-26 21:48:00.754682,alumni,104
347,765,Post content 347,2025-11-10 21:48:00.754691,alumni,103
348,438,Post content 348,2025-12-12 21:48:00.754695,admin,103
349,117,Post content 349,2025-12-29 21:48:00.754699,student,102
350,665,Post content 350,2026-01-26 21:48:00.754702,alumni,105
351,434,Post content 351,2025-11-24 21:48:00.754706,student,103
352,119,Post content 352,2025-11-20 21:48:00.754710,admin,105
353,730,Post content 353,2026-01-08 21:48:00.754713,admin,103
354,801,Post content 354,2025-11-22 21:48:00.754721,alumni,101
355,238,Post content 355,2025-10-05 21:48:00.754725,student,102
356,845,Post content 356,2026-01-06 21:48:00.754728,student,102
357,154,Post content 357,2025-12-24 21:48:00.754731,alumni,104
358,925,Post content 358,2026-01-10 21:48:00.754735,student,101
359,962,Post content 359,2026-01-01 21:48:00.754738,student,102
360,184,Post content 360,2025-11-13 21:48:00.754742,alumni,102
361,694,Post content 361,2025-12-30 21:48:00.754746,alumni,103
362,43,Post content 362,2026-01-05 21:48:00.754749,student,102
363,813,Post content 363,2025-11-24 21:48:00.754753,student,105
364,68,Post content 364,2025-09-01 21:48:00.754757,alumni,104
365,433,Post content 365,2025-12-24 21:48:00.754760,alumni,104
366,723,Post content 366,2026-02-24 21:48:00.754764,student,101
367,426,Post content 367,2025-12-16 21:48:00.754767,alumni,103
368,209,Post content 368,2025-10-25 21:48:00.754771,admin,102
369,464,Post content 369,2025-10-13 21:48:00.754775,admin,104
370,914,Post content 370,2025-09-14 21:48:00.754779,alumni,104
371,140,Post content 371,2025-11-17 21:48:00.754782,alumni,102
372,266,Post content 372,2026-02-06 21:48:00.754786,student,103
373,765,Post content 373,2026-01-04 21:48:00.754790,alumni,103
374,761,Post content 374,2025-08-31 21:48:00.754793,student,101
375,833,Post content 375,2025-09-03 21:48:00.754797,student,102
376,439,Post content 376,2026-01-02 21:48:00.754801,admin,104
377,944,Post content 377,2026-02-13 21:48:00.754804,alumni,103
378,303,Post content 378,2025-12-08 21:48:00.754808,alumni,102
379,178,Post content 379,2026-01-02 21:48:00.754811,admin,101
380,430,Post content 380,2025-12-25 21:48:00.754815,student,105
381,232,Post content 381,2025-12-16 21:48:00.754819,admin,101
382,669,Post content 382,2025-10-29 21:48:00.754822,admin,103
383,717,Post content 383,2025-12-28 21:48:00.754826,admin,102
384,655,Post content 384,2025-11-21 21:48:00.754830,alumni,102
385,147,Post content 385,2025-09-24 21:48:00.754833,student,103
386,30,Post content 386,2025-12-21 21:48:00.754837,alumni,102
387,24,Post content 387,2025-10-23 21:48:00.754840,alumni,103
388,69,Post content 388,2025-09-23 21:48:00.754844,student,101
389,800,Post content 389,2026-02-01 21:48:00.754847,admin,102
390,438,Post content 390,2025-10-23 21:48:00.754851,student,105
391,313,Post content 391,2025-11-09 21:48:00.754854,admin,105
392,8,Post content 392,2026-01-19 21:48:00.754858,student,105
393,91,Post content 393,2025-11-28 21:48:00.754861,admin,104
394,7,Post content 394,2025-11-04 21:48:00.754865,alumni,101
395,446,Post content 395,2026-02-10 21:48:00.754868,student,102
396,233,Post content 396,2025-10-31 21:48:00.754872,admin,103
397,205,Post content 397,2025-12-27 21:48:00.754875,student,102
398,120,Post content 398,2025-10-14 21:48:00.754879,student,105
399,601,Post content 399,2026-01-02 21:48:00.754883,alumni,102
400,58,Post content 400,2025-09-25 21:48:00.754886,student,101
401,550,Post content 401,2025-09-18 21:48:00.754890,student,101
402,250,Post content 402,2025-10-12 21:48:00.754895,student,103
403,322,Post content 403,2025-10-14 21:48:00.754899,admin,104
404,693,Post content 404,2025-12-11 21:48:00.754903,student,104
405,907,Post content 405,2026-01-08 21:48:00.754906,admin,105
406,430,Post content 406,2025-10-27 21:48:00.754910,student,105
407,227,Post content 407,2025-08-31 21:48:00.754913,admin,101
408,821,Post content 408,2026-02-17 21:48:00.754917,alumni,102
409,776,Post content 409,2025-12-25 21:48:00.754920,alumni,103
410,892,Post content 410,2025-12-22 21:48:00.754924,alumni,104
411,701,Post content 411,2026-02-11 21:48:00.754937,admin,101
412,647,Post content 412,2025-10-23 21:48:00.754941,admin,103
413,467,Post content 413,2025-12-06 21:48:00.754944,student,102
414,324,Post content 414,2025-12-22 21:48:00.754948,alumni,101
415,716,Post content 415,2025-12-26 21:48:00.754951,student,104
416,62,Post content 416,2025-12-15 21:48:00.754955,alumni,105
417,416,Post content 417,2025-09-20 21:48:00.754959,student,105
418,597,Post content 418,2025-11-26 21:48:00.754962,admin,102
419,933,Post content 419,2025-11-20 21:48:00.754966,admin,102
420,134,Post content 420,2025-11-21 21:48:00.754969,alumni,105
421,588,Post content 421,2025-09-04 21:48:00.754973,student,105
422,877,Post content 422,2026-02-25 21:48:00.754977,alumni,102
423,616,Post content 423,2025-11-21 21:48:00.754980,alumni,104
424,684,Post content 424,2025-09-04 21:48:00.754984,admin,103
425,466,Post content 425,2025-10-06 21:48:00.754987,alumni,103
426,681,Post content 426,2025-09-20 21:48:00.754990,student,103
427,683,Post content 427,2025-09-14 21:48:00.754994,alumni,102
428,857,Post content 428,2025-10-01 21:48:00.754998,alumni,101
429,704,Post content 429,2026-02-14 21:48:00.755002,student,105
430,512,Post content 430,2025-10-28 21:48:00.755005,admin,105
431,667,Post content 431,2025-12-17 21:48:00.755009,admin,104
432,72,Post content 432,2026-01-09 21:48:00.755013,alumni,104
433,383,Post content 433,2025-09-10 21:48:00.755016,alumni,103
434,141,Post content 434,2025-11-28 21:48:00.755020,alumni,105
435,759,Post content 435,2025-12-10 21:48:00.755024,student,105
436,718,Post content 436,2025-12-06 21:48:00.755027,alumni,101
437,136,Post content 437,2025-11-28 21:48:00.755031,alumni,103
438,180,Post content 438,2025-08-30 21:48:00.755035,student,102
439,516,Post content 439,2025-10-13 21:48:00.755038,admin,105
440,245,Post content 440,2025-09-21 21:48:00.755042,admin,101
441,501,Post content 441,2025-10-24 21:48:00.755045,admin,105
442,917,Post content 442,2025-11-19 21:48:00.755049,alumni,104
443,40,Post content 443,2026-01-30 21:48:00.755053,student,105
444,947,Post content 444,2025-09-28 21:48:00.755056,alumni,104
445,14,Post content 445,2025-10-07 21:48:00.755060,student,101
446,402,Post content 446,2025-09-30 21:48:00.755064,alumni,103
447,65,Post content 447,2025-09-28 21:48:00.755068,alumni,103
448,370,Post content 448,2025-10-15 21:48:00.755071,alumni,103
449,139,Post content 449,2025-10-21 21:48:00.755075,admin,104
450,259,Post content 450,2026-01-11 21:48:00.755079,student,103
451,426,Post content 451,2026-01-22 21:48:00.755082,admin,104
452,964,Post content 452,2025-11-03 21:48:00.755086,alumni,105
453,550,Post content 453,2025-12-25 21:48:00.755089,admin,104
454,146,Post content 454,2025-09-11 21:48:00.755095,admin,102
455,577,Post content 455,2025-11-11 21:48:00.755099,student,105
456,71,Post content 456,2025-12-23 21:48:00.755102,admin,101
457,922,Post content 457,2025-11-12 21:48:00.755106,admin,105
458,681,Post content 458,2025-10-06 21:48:00.755112,admin,102
459,211,Post content 459,2026-01-06 21:48:00.755115,admin,103
460,459,Post content 460,2025-11-20 21:48:00.755119,admin,102
461,392,Post content 461,2025-12-09 21:48:00.755122,alumni,101
462,674,Post content 462,2025-10-19 21:48:00.755126,alumni,105
463,893,Post content 463,2026-01-27 21:48:00.755129,alumni,102
464,852,Post content 464,2025-10-21 21:48:00.755133,student,104
465,135,Post content 465,2025-09-15 21:48:00.755136,admin,105
466,400,Post content 466,2025-11-24 21:48:00.755140,admin,103
467,861,Post content 467,2026-01-18 21:48:00.755144,student,103
468,994,Post content 468,2026-01-15 21:48:00.755148,student,102
469,693,Post content 469,2025-12-31 21:48:00.755151,alumni,104
470,843,Post content 470,2025-12-23 21:48:00.755155,alumni,102
471,753,Post content 471,2026-01-24 21:48:00.755159,alumni,103
472,677,Post content 472,2025-12-08 21:48:00.755162,admin,103
473,147,Post content 473,2026-02-25 21:48:00.755166,alumni,101
474,58,Post content 474,2025-09-26 21:48:00.755169,admin,105
475,699,Post content 475,2025-11-11 21:48:00.755173,alumni,104
476,45,Post content 476,2026-01-31 21:48:00.755176,alumni,104
477,693,Post content 477,2025-09-14 21:48:00.755180,alumni,104
478,667,Post content 478,2025-08-30 21:48:00.755183,admin,104
479,292,Post content 479,2025-12-13 21:48:00.755187,admin,103
480,998,Post content 480,2025-12-29 21:48:00.755190,student,105
481,699,Post content 481,2025-11-15 21:48:00.755194,student,102
482,696,Post content 482,2026-01-18 21:48:00.755197,alumni,102
483,960,Post content 483,2026-02-18 21:48:00.755201,student,101
484,147,Post content 484,2025-11-05 21:48:00.755205,admin,101
485,133,Post content 485,2026-01-16 21:48:00.755208,student,103
486,600,Post content 486,2025-10-16 21:48:00.755212,student,101
487,2,Post content 487,2026-01-17 21:48:00.755216,student,103
488,306,Post content 488,2026-01-10 21:48:00.755219,admin,102
489,779,Post content 489,2025-10-16 21:48:00.755223,student,105
490,766,Post content 490,2025-11-11 21:48:00.755226,student,101
491,261,Post content 491,2026-02-19 21:48:00.755230,admin,103
492,180,Post content 492,2025-11-19 21:48:00.755233,student,104
493,356,Post content 493,2026-01-22 21:48:00.755237,student,102
494,297,Post content 494,2025-12-09 21:48:00.755241,alumni,104
495,810,Post content 495,2026-01-18 21:48:00.755244,student,105
496,921,Post content 496,2025-12-10 21:48:00.755251,student,105
497,136,Post content 497,2025-11-03 21:48:00.755255,admin,101
498,530,Post content 498,2026-02-07 21:48:00.755259,admin,101
499,659,Post content 499,2025-11-01 21:48:00.755262,student,103
500,758,Post content 500,2025-10-14 21:48:00.755266,alumni,101
