user_id,role,college_id,signup_date
1,recruiter,1,2026-01-06 20:03:34.603741
2,recruiter,12,2026-01-09 20:03:34.604046
3,student,4,2026-01-19 20:03:34.604060
4,recruiter,6,2026-02-11 20:03:34.604065
5,student,11,2026-01-31 20:03:34.604068
6,recruiter,8,2026-02-19 20:03:34.604072
7,student,13,2026-01-04 20:03:34.604074
8,student,18,2026-02-06 20:03:34.604077
9,student,9,2026-01-09 20:03:34.604080
10,student,13,2026-02-07 20:03:34.604083
11,student,6,2026-02-12 20:03:34.604086
12,recruiter,1,2026-02-26 20:03:34.604089
13,student,2,2026-02-16 20:03:34.604092
14,recruiter,6,2026-01-13 20:03:34.604096
15,student,17,2026-01-14 20:03:34.604099
16,student,15,2025-12-31 20:03:34.604102
17,student,19,2026-01-02 20:03:34.604104
18,recruiter,15,2026-01-12 20:03:34.604107
19,student,4,2026-02-06 20:03:34.604110
20,student,16,2026-02-17 20:03:34.604113
21,student,14,2026-02-20 20:03:34.604116
22,student,18,2026-02-11 20:03:34.604118
23,recruiter,9,2026-01-31 20:03:34.604121
24,student,11,2026-01-13 20:03:34.604124
25,student,19,2026-01-24 20:03:34.604127
26,student,10,2026-02-10 20:03:34.604130
27,recruiter,5,2026-02-16 20:03:34.604133
28,recruiter,10,2026-01-03 20:03:34.604136
29,recruiter,12,2026-01-15 20:03:34.604138
30,student,5,2026-01-10 20:03:34.604141
31,student,2,2026-01-05 20:03:34.604144
32,student,1,2026-02-18 20:03:34.604147
33,student,8,2026-01-29 20:03:34.604149
34,student,19,2026-02-19 20:03:34.604153
35,recruiter,11,2026-01-26 20:03:34.604156
36,recruiter,13,2026-01-18 20:03:34.604158
37,student,12,2026-01-19 20:03:34.604161
38,student,3,2026-02-24 20:03:34.604164
39,student,16,2026-01-16 20:03:34.604167
40,recruiter,19,2026-02-21 20:03:34.604169
41,student,18,2026-02-19 20:03:34.604172
42,student,14,2026-01-08 20:03:34.604175
43,student,9,2026-01-15 20:03:34.604178
44,student,9,2026-01-11 20:03:34.604181
45,student,16,2026-02-20 20:03:34.604184
46,student,1,2026-01-07 20:03:34.604195
47,recruiter,8,2026-02-05 20:03:34.604198
48,student,2,2026-02-03 20:03:34.604201
49,recruiter,17,2026-02-20 20:03:34.604204
50,recruiter,15,2026-01-14 20:03:34.604207
51,student,6,2026-01-18 20:03:34.604209
52,student,10,2025-12-30 20:03:34.604212
53,recruiter,8,2026-02-23 20:03:34.604215
54,recruiter,18,2026-02-22 20:03:34.604218
55,recruiter,16,2026-01-07 20:03:34.604221
56,student,3,2026-01-28 20:03:34.604224
57,recruiter,11,2026-01-23 20:03:34.604226
58,student,12,2026-02-19 20:03:34.604229
59,student,7,2026-01-03 20:03:34.604232
60,student,9,2026-01-15 20:03:34.604235
61,student,4,2026-02-23 20:03:34.604238
62,student,4,2026-02-12 20:03:34.604241
63,recruiter,19,2026-01-23 20:03:34.604243
64,student,10,2026-01-28 20:03:34.604246
65,recruiter,13,2026-02-11 20:03:34.604249
66,student,2,2025-12-28 20:03:34.604253
67,student,3,2025-12-31 20:03:34.604256
68,recruiter,1,2026-01-20 20:03:34.604259
69,recruiter,3,2026-01-22 20:03:34.604262
70,student,12,2026-01-13 20:03:34.604264
71,student,7,2026-01-22 20:03:34.604267
72,student,3,2026-02-12 20:03:34.604270
73,student,14,2026-01-05 20:03:34.604273
74,recruiter,9,2026-02-09 20:03:34.604275
75,recruiter,19,2026-02-20 20:03:34.604278
76,student,13,2026-02-18 20:03:34.604281
77,student,2,2026-01-08 20:03:34.604284
78,student,15,2025-12-30 20:03:34.604289
79,student,19,2026-02-03 20:03:34.604292
80,student,15,2026-01-17 20:03:34.604295
81,recruiter,12,2026-01-31 20:03:34.604298
82,student,19,2026-01-02 20:03:34.604300
83,recruiter,19,2026-01-11 20:03:34.604303
84,student,3,2026-02-06 20:03:34.604306
85,student,1,2026-01-05 20:03:34.604309
86,student,10,2026-01-07 20:03:34.604312
87,recruiter,5,2026-02-05 20:03:34.604314
88,student,4,2026-02-23 20:03:34.604317
89,recruiter,15,2026-01-03 20:03:34.604320
90,student,11,2026-01-23 20:03:34.604322
91,student,7,2026-01-23 20:03:34.604325
92,student,14,2026-02-16 20:03:34.604328
93,recruiter,6,2026-02-18 20:03:34.604331
94,recruiter,15,2026-01-02 20:03:34.604340
95,student,17,2026-02-21 20:03:34.604343
96,recruiter,10,2026-02-19 20:03:34.604346
97,recruiter,12,2026-02-06 20:03:34.604349
98,recruiter,13,2026-01-22 20:03:34.604352
99,student,4,2026-02-04 20:03:34.604355
100,student,3,2026-01-08 20:03:34.604358
101,student,7,2026-01-15 20:03:34.604361
102,recruiter,15,2026-02-01 20:03:34.604363
103,recruiter,4,2026-02-05 20:03:34.604366
104,recruiter,10,2026-01-05 20:03:34.604369
105,recruiter,18,2026-01-18 20:03:34.604372
106,student,19,2026-01-22 20:03:34.604374
107,recruiter,9,2025-12-29 20:03:34.604377
108,student,14,2026-01-08 20:03:34.604380
109,recruiter,9,2026-01-16 20:03:34.604383
110,recruiter,4,2026-01-14 20:03:34.604387
111,recruiter,4,2026-01-01 20:03:34.604390
112,recruiter,17,2026-01-21 20:03:34.604393
113,student,3,2026-02-11 20:03:34.604397
114,recruiter,15,2026-02-20 20:03:34.604400
115,recruiter,19,2026-02-26 20:03:34.604403
116,student,13,2026-01-25 20:03:34.604406
117,recruiter,13,2026-02-10 20:03:34.604409
118,student,8,2026-02-13 20:03:34.604413
119,student,16,2026-01-02 20:03:34.604416
120,recruiter,1,2026-02-23 20:03:34.604419
121,recruiter,5,2026-02-04 20:03:34.604423
122,recruiter,4,2026-01-12 20:03:34.604426
123,recruiter,9,2026-02-24 20:03:34.604430
124,recruiter,9,2026-02-26 20:03:34.604433
125,recruiter,5,2026-02-01 20:03:34.604436
126,recruiter,5,2026-02-10 20:03:34.604439
127,recruiter,4,2026-02-04 20:03:34.604442
128,recruiter,5,2026-02-09 20:03:34.604445
129,student,6,2026-02-09 20:03:34.604448
130,recruiter,6,2026-01-31 20:03:34.604453
131,student,6,2026-01-19 20:03:34.604456
132,student,5,2026-01-09 20:03:34.604460
133,recruiter,14,2026-02-03 20:03:34.604463
134,student,13,2026-02-07 20:03:34.604466
135,student,11,2026-01-02 20:03:34.604469
136,student,12,2026-02-26 20:03:34.604472
137,student,2,2026-01-06 20:03:34.604475
138,student,7,2025-12-28 20:03:34.604496
139,student,11,2026-02-19 20:03:34.604500
140,student,12,2026-02-02 20:03:34.604503
141,recruiter,1,2026-01-09 20:03:34.604506
142,recruiter,7,2026-01-31 20:03:34.604509
143,student,4,2026-01-18 20:03:34.604513
144,student,8,2026-01-15 20:03:34.604516
145,student,15,2026-01-20 20:03:34.604519
146,recruiter,18,2026-01-07 20:03:34.604522
147,student,5,2026-01-27 20:03:34.604526
148,student,5,2026-01-22 20:03:34.604529
149,recruiter,2,2026-02-24 20:03:34.604532
150,recruiter,14,2026-02-09 20:03:34.604536
151,recruiter,18,2026-01-24 20:03:34.604540
152,student,18,2026-01-08 20:03:34.604543
153,recruiter,4,2026-02-21 20:03:34.604546
154,student,16,2026-02-11 20:03:34.604549
155,recruiter,19,2026-02-21 20:03:34.604552
156,student,19,2026-02-06 20:03:34.604556
157,recruiter,11,2026-02-13 20:03:34.604559
158,recruiter,18,2026-01-12 20:03:34.604562
159,recruiter,11,2026-02-14 20:03:34.604565
160,recruiter,11,2026-01-13 20:03:34.604568
161,recruiter,8,2026-02-04 20:03:34.604571
162,student,12,2026-02-08 20:03:34.604575
163,recruiter,18,2026-01-24 20:03:34.604578
164,student,10,2026-02-09 20:03:34.604581
165,recruiter,18,2026-01-13 20:03:34.604584
166,recruiter,16,2026-01-17 20:03:34.604587
167,recruiter,2,2026-01-11 20:03:34.604590
168,recruiter,8,2026-01-29 20:03:34.604594
169,student,18,2026-02-21 20:03:34.604597
170,recruiter,13,2026-02-14 20:03:34.604600
171,student,8,2026-01-23 20:03:34.604603
172,recruiter,11,2026-01-14 20:03:34.604606
173,student,17,2026-01-21 20:03:34.604609
174,student,17,2026-01-10 20:03:34.604613
175,recruiter,16,2026-01-21 20:03:34.604617
176,student,10,2026-02-23 20:03:34.604620
177,recruiter,5,2026-02-03 20:03:34.604623
178,recruiter,14,2026-02-04 20:03:34.604629
179,recruiter,13,2026-02-19 20:03:34.604633
180,recruiter,16,2026-01-17 20:03:34.604636
181,student,17,2026-02-02 20:03:34.604639
182,recruiter,8,2026-02-05 20:03:34.604642
183,recruiter,3,2025-12-28 20:03:34.604645
184,student,18,2026-02-02 20:03:34.604649
185,recruiter,5,2026-01-23 20:03:34.604652
186,student,11,2026-01-29 20:03:34.604655
187,recruiter,11,2026-01-11 20:03:34.604658
188,student,4,2026-01-27 20:03:34.604661
189,recruiter,17,2026-01-06 20:03:34.604665
190,recruiter,12,2026-02-25 20:03:34.604668
191,student,13,2026-01-04 20:03:34.604671
192,student,19,2026-02-04 20:03:34.604674
193,recruiter,13,2026-01-19 20:03:34.604677
194,student,16,2026-01-29 20:03:34.604680
195,student,17,2026-02-01 20:03:34.604684
196,student,12,2026-01-14 20:03:34.604687
197,student,6,2026-01-23 20:03:34.604690
198,student,1,2026-01-05 20:03:34.604693
199,recruiter,14,2026-01-11 20:03:34.604696
200,student,11,2026-02-25 20:03:34.604699
201,recruiter,11,2026-01-05 20:03:34.604703
202,student,6,2026-02-11 20:03:34.604707
203,student,16,2026-02-04 20:03:34.604711
204,recruiter,13,2026-02-10 20:03:34.604714
205,student,15,2026-02-08 20:03:34.604717
206,recruiter,11,2026-02-26 20:03:34.604720
207,student,5,2026-02-01 20:03:34.604723
208,student,3,2026-02-16 20:03:34.604726
209,student,4,2026-02-23 20:03:34.604729
210,recruiter,8,2026-02-11 20:03:34.604733
211,recruiter,2,2026-01-09 20:03:34.604736
212,recruiter,13,2026-01-05 20:03:34.604739
213,student,16,2026-01-23 20:03:34.604742
214,student,18,2026-02-10 20:03:34.604745
215,recruiter,4,2026-02-08 20:03:34.604748
216,recruiter,12,2026-01-07 20:03:34.604752
217,recruiter,19,2026-01-03 20:03:34.604755
218,student,11,2026-02-12 20:03:34.604758
219,student,11,2026-02-21 20:03:34.604761
220,recruiter,9,2026-01-09 20:03:34.604765
221,student,2,2026-01-26 20:03:34.604768
222,recruiter,3,2026-01-09 20:03:34.604771
223,student,3,2026-02-01 20:03:34.604774
224,recruiter,10,2026-01-19 20:03:34.604777
225,student,10,2026-02-15 20:03:34.604781
226,recruiter,11,2026-01-11 20:03:34.604784
227,recruiter,17,2026-01-03 20:03:34.604787
228,recruiter,19,2025-12-29 20:03:34.604790
229,recruiter,18,2026-01-02 20:03:34.604794
230,student,1,2026-01-08 20:03:34.604797
231,recruiter,3,2026-02-13 20:03:34.604800
232,recruiter,11,2026-02-22 20:03:34.604803
233,recruiter,16,2026-01-16 20:03:34.604806
234,student,2,2026-02-25 20:03:34.604811
235,recruiter,11,2025-12-29 20:03:34.604814
236,recruiter,7,2026-02-19 20:03:34.604817
237,recruiter,19,2025-12-28 20:03:34.604821
238,student,14,2026-01-01 20:03:34.604824
239,recruiter,17,2026-01-18 20:03:34.604827
240,recruiter,17,2026-01-10 20:03:34.604830
241,student,7,2026-01-24 20:03:34.604834
242,recruiter,9,2026-01-12 20:03:34.604837
243,recruiter,5,2026-01-26 20:03:34.604840
244,recruiter,3,2026-01-27 20:03:34.604843
245,student,1,2026-01-14 20:03:34.604847
246,student,9,2026-02-09 20:03:34.604850
247,student,16,2026-01-22 20:03:34.604853
248,student,16,2026-01-07 20:03:34.604857
249,student,7,2026-02-23 20:03:34.604860
250,recruiter,18,2026-01-25 20:03:34.604863
251,student,11,2026-02-26 20:03:34.604866
252,recruiter,17,2026-01-03 20:03:34.604869
253,recruiter,1,2026-02-04 20:03:34.604873
254,student,3,2026-02-25 20:03:34.604876
255,student,4,2025-12-28 20:03:34.604879
256,student,2,2026-01-26 20:03:34.604882
257,student,8,2026-01-04 20:03:34.604885
258,recruiter,15,2026-01-02 20:03:34.604889
259,recruiter,15,2026-01-08 20:03:34.604892
260,recruiter,4,2026-01-17 20:03:34.604895
261,student,9,2026-02-26 20:03:34.604898
262,recruiter,4,2026-02-17 20:03:34.604901
263,student,12,2026-01-24 20:03:34.604908
264,student,13,2026-02-12 20:03:34.604912
265,recruiter,12,2026-01-10 20:03:34.604915
266,recruiter,19,2026-01-14 20:03:34.604918
267,recruiter,15,2026-02-17 20:03:34.604921
268,student,9,2026-01-16 20:03:34.604925
269,recruiter,14,2026-02-19 20:03:34.604928
270,recruiter,8,2026-02-03 20:03:34.604933
271,student,6,2026-02-07 20:03:34.604936
272,student,16,2026-01-30 20:03:34.604939
273,student,15,2026-02-11 20:03:34.604943
274,student,12,2026-02-14 20:03:34.604946
275,student,19,2026-01-24 20:03:34.604949
276,recruiter,10,2026-01-05 20:03:34.604953
277,recruiter,15,2026-01-04 20:03:34.604956
278,recruiter,1,2026-01-15 20:03:34.604959
279,recruiter,11,2026-02-20 20:03:34.604962
280,recruiter,1,2026-01-17 20:03:34.604965
281,recruiter,5,2026-01-13 20:03:34.604969
282,recruiter,16,2026-02-25 20:03:34.604972
283,recruiter,10,2026-02-04 20:03:34.604975
284,recruiter,16,2026-01-30 20:03:34.604978
285,student,10,2026-01-19 20:03:34.604981
286,recruiter,14,2026-01-18 20:03:34.604985
287,recruiter,17,2026-01-19 20:03:34.604988
288,recruiter,11,2026-02-05 20:03:34.604991
289,student,18,2025-12-31 20:03:34.604994
290,student,5,2026-02-11 20:03:34.604997
291,student,1,2026-01-11 20:03:34.605001
292,student,4,2026-01-19 20:03:34.605004
293,recruiter,5,2026-02-11 20:03:34.605007
294,recruiter,15,2026-02-07 20:03:34.605010
295,student,5,2026-01-20 20:03:34.605014
296,student,15,2026-01-19 20:03:34.605017
297,recruiter,15,2026-01-02 20:03:34.605020
298,student,5,2026-02-02 20:03:34.605023
299,student,2,2026-02-03 20:03:34.605026
300,student,10,2026-01-06 20:03:34.605030
301,recruiter,17,2026-01-04 20:03:34.605033
302,recruiter,12,2026-01-23 20:03:34.605036
303,recruiter,15,2026-02-08 20:03:34.605039
304,recruiter,10,2026-01-03 20:03:34.605043
305,student,11,2026-02-04 20:03:34.605046
306,student,9,2026-01-29 20:03:34.605049
307,student,2,2026-01-07 20:03:34.605052
308,recruiter,8,2026-02-08 20:03:34.605056
309,student,12,2026-02-18 20:03:34.605059
310,recruiter,17,2026-02-10 20:03:34.605063
311,student,6,2026-02-13 20:03:34.605067
312,recruiter,12,2025-12-29 20:03:34.605070
313,student,2,2026-01-06 20:03:34.605073
314,student,1,2026-01-04 20:03:34.605077
315,student,8,2026-02-06 20:03:34.605080
316,student,8,2026-02-01 20:03:34.605083
317,recruiter,5,2026-01-06 20:03:34.605086
318,recruiter,6,2026-01-08 20:03:34.605090
319,recruiter,10,2026-01-25 20:03:34.605093
320,recruiter,10,2026-01-24 20:03:34.605096
321,student,7,2026-01-01 20:03:34.605099
322,student,18,2026-01-04 20:03:34.605102
323,student,18,2026-02-20 20:03:34.605105
324,recruiter,12,2026-01-30 20:03:34.605109
325,recruiter,1,2026-01-14 20:03:34.605112
326,recruiter,16,2026-01-19 20:03:34.605115
327,recruiter,16,2026-02-17 20:03:34.605118
328,recruiter,2,2026-01-20 20:03:34.605121
329,student,8,2026-01-20 20:03:34.605125
330,recruiter,14,2026-02-11 20:03:34.605128
331,recruiter,6,2026-01-13 20:03:34.605131
332,recruiter,18,2026-01-27 20:03:34.605134
333,student,9,2026-02-02 20:03:34.605138
334,recruiter,1,2026-02-04 20:03:34.605141
335,recruiter,13,2026-01-26 20:03:34.605144
336,recruiter,16,2026-01-02 20:03:34.605148
337,recruiter,6,2026-01-26 20:03:34.605151
338,student,5,2026-02-10 20:03:34.605154
339,recruiter,10,2026-02-13 20:03:34.605157
340,recruiter,17,2026-01-12 20:03:34.605160
341,recruiter,1,2026-01-14 20:03:34.605163
342,student,6,2026-02-05 20:03:34.605167
343,student,11,2026-02-01 20:03:34.605170
344,recruiter,14,2026-02-20 20:03:34.605173
345,recruiter,14,2025-12-28 20:03:34.605176
346,recruiter,18,2026-01-19 20:03:34.605179
347,recruiter,2,2025-12-30 20:03:34.605183
348,recruiter,13,2026-01-29 20:03:34.605188
349,student,11,2026-02-08 20:03:34.605192
350,student,18,2026-01-04 20:03:34.605195
351,recruiter,11,2026-02-07 20:03:34.605198
352,recruiter,17,2026-01-21 20:03:34.605201
353,recruiter,19,2026-01-13 20:03:34.605205
354,recruiter,9,2026-01-06 20:03:34.605210
355,student,6,2025-12-31 20:03:34.605213
356,recruiter,13,2026-01-25 20:03:34.605216
357,student,5,2026-02-08 20:03:34.605219
358,student,6,2026-01-26 20:03:34.605223
359,student,13,2026-01-30 20:03:34.605226
360,recruiter,15,2026-01-19 20:03:34.605229
361,student,9,2026-01-26 20:03:34.605232
362,student,10,2026-02-03 20:03:34.605235
363,student,4,2026-02-10 20:03:34.605239
364,recruiter,11,2026-01-07 20:03:34.605242
365,recruiter,13,2025-12-29 20:03:34.605245
366,recruiter,6,2026-01-28 20:03:34.605248
367,recruiter,9,2026-02-01 20:03:34.605252
368,student,17,2026-02-18 20:03:34.605255
369,recruiter,12,2026-01-15 20:03:34.605258
370,recruiter,6,2026-02-18 20:03:34.605261
371,student,3,2026-02-17 20:03:34.605265
372,student,12,2026-02-17 20:03:34.605268
373,student,19,2026-01-13 20:03:34.605271
374,recruiter,14,2026-01-13 20:03:34.605274
375,student,8,2026-02-10 20:03:34.605277
376,recruiter,18,2026-01-10 20:03:34.605281
377,recruiter,11,2026-02-21 20:03:34.605284
378,recruiter,12,2026-01-17 20:03:34.605287
379,recruiter,11,2025-12-31 20:03:34.605290
380,student,16,2026-02-02 20:03:34.605293
381,recruiter,14,2026-01-10 20:03:34.605296
382,student,8,2026-01-27 20:03:34.605300
383,recruiter,11,2026-01-02 20:03:34.605303
384,student,10,2026-01-14 20:03:34.605306
385,recruiter,10,2026-02-12 20:03:34.605309
386,recruiter,17,2026-01-10 20:03:34.605312
387,recruiter,9,2026-01-14 20:03:34.605315
388,student,18,2026-01-09 20:03:34.605319
389,recruiter,12,2026-02-26 20:03:34.605322
390,student,2,2026-01-11 20:03:34.605325
391,student,15,2026-01-22 20:03:34.605328
392,student,2,2026-01-03 20:03:34.605331
393,student,2,2026-02-07 20:03:34.605334
394,recruiter,5,2025-12-31 20:03:34.605338
395,recruiter,5,2026-01-01 20:03:34.605341
396,recruiter,5,2026-02-12 20:03:34.605344
397,student,11,2026-01-13 20:03:34.605347
398,recruiter,12,2026-02-16 20:03:34.605350
399,recruiter,19,2026-02-21 20:03:34.605353
400,student,18,2026-02-22 20:03:34.605357
401,student,18,2026-01-18 20:03:34.605360
402,student,2,2026-02-02 20:03:34.605365
403,student,16,2026-01-22 20:03:34.605368
404,recruiter,17,2026-01-15 20:03:34.605371
405,recruiter,14,2025-12-31 20:03:34.605375
406,student,15,2026-01-18 20:03:34.605378
407,recruiter,6,2025-12-29 20:03:34.605381
408,recruiter,17,2026-02-09 20:03:34.605384
409,student,1,2026-01-09 20:03:34.605387
410,student,1,2026-01-23 20:03:34.605391
411,recruiter,3,2026-02-24 20:03:34.605393
412,recruiter,11,2026-02-04 20:03:34.605395
413,student,2,2026-02-07 20:03:34.605398
414,student,15,2026-02-15 20:03:34.605400
415,recruiter,11,2026-02-13 20:03:34.605402
416,student,8,2026-01-05 20:03:34.605404
417,recruiter,4,2026-01-16 20:03:34.605407
418,recruiter,17,2026-01-28 20:03:34.605409
419,recruiter,12,2026-01-06 20:03:34.605411
420,recruiter,3,2026-01-13 20:03:34.605414
421,student,12,2026-02-20 20:03:34.605416
422,recruiter,13,2026-01-24 20:03:34.605418
423,recruiter,13,2026-02-01 20:03:34.605421
424,recruiter,5,2026-02-19 20:03:34.605423
425,student,9,2025-12-30 20:03:34.605425
426,student,4,2026-01-09 20:03:34.605427
427,recruiter,11,2026-01-23 20:03:34.605430
428,recruiter,11,2026-01-01 20:03:34.605432
429,recruiter,15,2026-02-13 20:03:34.605434
430,recruiter,12,2026-02-06 20:03:34.605437
431,student,9,2026-01-07 20:03:34.605439
432,student,11,2026-02-12 20:03:34.605441
433,recruiter,18,2026-01-06 20:03:34.605443
434,student,12,2026-01-28 20:03:34.605448
435,student,10,2026-02-09 20:03:34.605450
436,recruiter,16,2026-02-17 20:03:34.605453
437,student,2,2026-01-31 20:03:34.605455
438,recruiter,10,2026-02-21 20:03:34.605458
439,student,15,2026-01-02 20:03:34.605460
440,student,16,2026-01-22 20:03:34.605462
441,recruiter,4,2026-02-18 20:03:34.605464
442,student,14,2026-02-08 20:03:34.605467
443,recruiter,5,2026-01-18 20:03:34.605469
444,student,13,2026-02-12 20:03:34.605471
445,recruiter,6,2026-01-29 20:03:34.605474
446,student,3,2026-01-29 20:03:34.605476
447,student,18,2026-02-08 20:03:34.605478
448,recruiter,9,2026-02-06 20:03:34.605480
449,student,17,2026-02-06 20:03:34.605483
450,student,18,2025-12-29 20:03:34.605485
451,recruiter,9,2026-01-11 20:03:34.605487
452,student,13,2026-02-10 20:03:34.605490
453,recruiter,8,2026-01-15 20:03:34.605492
454,recruiter,16,2026-02-26 20:03:34.605494
455,recruiter,8,2026-02-04 20:03:34.605496
456,recruiter,17,2026-01-30 20:03:34.605499
457,recruiter,10,2026-01-25 20:03:34.605501
458,student,5,2026-02-11 20:03:34.605505
459,recruiter,1,2026-01-19 20:03:34.605507
460,recruiter,7,2025-12-31 20:03:34.605509
461,recruiter,11,2026-01-16 20:03:34.605512
462,student,11,2026-02-09 20:03:34.605514
463,student,12,2026-01-12 20:03:34.605516
464,recruiter,1,2026-02-04 20:03:34.605519
465,student,15,2026-01-03 20:03:34.605521
466,student,8,2026-02-19 20:03:34.605523
467,recruiter,19,2025-12-28 20:03:34.605525
468,student,11,2025-12-31 20:03:34.605528
469,recruiter,1,2026-02-07 20:03:34.605530
470,student,18,2026-01-22 20:03:34.605532
471,recruiter,10,2026-01-29 20:03:34.605535
472,student,3,2026-01-01 20:03:34.605537
473,recruiter,19,2026-02-25 20:03:34.605539
474,student,5,2026-02-22 20:03:34.605542
475,student,9,2026-01-07 20:03:34.605544
476,student,1,2026-01-08 20:03:34.605546
477,student,1,2026-02-07 20:03:34.605548
478,student,14,2026-02-14 20:03:34.605551
479,student,3,2026-01-13 20:03:34.605553
480,recruiter,10,2026-02-16 20:03:34.605555
481,recruiter,9,2026-01-03 20:03:34.605557
482,recruiter,4,2026-02-06 20:03:34.605560
483,student,8,2026-01-30 20:03:34.605562
484,recruiter,12,2026-01-12 20:03:34.605564
485,recruiter,8,2026-02-20 20:03:34.605566
486,student,9,2026-01-09 20:03:34.605569
487,recruiter,7,2026-01-24 20:03:34.605571
488,student,17,2026-02-16 20:03:34.605573
489,recruiter,3,2026-02-06 20:03:34.605575
490,recruiter,17,2025-12-29 20:03:34.605578
491,recruiter,17,2026-02-13 20:03:34.605580
492,recruiter,9,2026-02-10 20:03:34.605582
493,student,3,2026-01-15 20:03:34.605585
494,recruiter,12,2026-02-09 20:03:34.605587
495,student,1,2026-02-03 20:03:34.605589
496,student,11,2026-02-22 20:03:34.605591
497,recruiter,10,2026-02-03 20:03:34.605594
498,recruiter,18,2026-01-21 20:03:34.605596
499,recruiter,17,2026-02-15 20:03:34.605598
500,student,6,2025-12-30 20:03:34.605600
501,recruiter,3,2026-01-05 20:03:34.605603
502,recruiter,10,2026-01-08 20:03:34.605605
503,recruiter,9,2026-01-15 20:03:34.605607
504,recruiter,17,2026-01-25 20:03:34.605610
505,student,10,2026-01-12 20:03:34.605612
506,recruiter,19,2026-02-22 20:03:34.605615
507,recruiter,13,2026-02-21 20:03:34.605617
508,recruiter,13,2026-02-15 20:03:34.605619
509,student,3,2026-01-24 20:03:34.605621
510,recruiter,4,2026-02-21 20:03:34.605624
511,student,3,2026-01-17 20:03:34.605626
512,recruiter,2,2026-01-18 20:03:34.605628
513,student,1,2026-01-19 20:03:34.605630
514,student,12,2026-02-05 20:03:34.605633
515,student,5,2026-01-11 20:03:34.605635
516,student,16,2025-12-31 20:03:34.605637
517,student,19,2026-01-01 20:03:34.605639
518,recruiter,2,2026-02-13 20:03:34.605644
519,recruiter,13,2026-02-11 20:03:34.605646
520,recruiter,7,2026-01-25 20:03:34.605648
521,student,2,2026-02-21 20:03:34.605651
522,student,17,2026-02-05 20:03:34.605655
523,recruiter,6,2025-12-29 20:03:34.605657
524,student,11,2026-02-04 20:03:34.605659
525,student,11,2026-02-06 20:03:34.605662
526,recruiter,9,2026-02-13 20:03:34.605664
527,recruiter,11,2026-02-09 20:03:34.605666
528,recruiter,15,2026-01-18 20:03:34.605668
529,recruiter,6,2026-01-12 20:03:34.605671
530,student,5,2026-02-01 20:03:34.605673
531,recruiter,17,2026-01-19 20:03:34.605675
532,student,7,2026-02-26 20:03:34.605678
533,student,10,2026-02-18 20:03:34.605680
534,recruiter,11,2026-01-05 20:03:34.605682
535,student,16,2026-02-21 20:03:34.605685
536,recruiter,16,2026-02-01 20:03:34.605687
537,student,14,2026-02-25 20:03:34.605689
538,student,8,2026-02-03 20:03:34.605691
539,recruiter,5,2026-02-05 20:03:34.605693
540,student,10,2026-01-13 20:03:34.605696
541,recruiter,12,2025-12-31 20:03:34.605698
542,student,3,2026-02-23 20:03:34.605700
543,student,13,2026-01-31 20:03:34.605702
544,student,7,2026-02-14 20:03:34.605705
545,recruiter,14,2026-01-04 20:03:34.605707
546,student,9,2025-12-31 20:03:34.605709
547,recruiter,17,2026-01-15 20:03:34.605711
548,student,16,2026-02-17 20:03:34.605714
549,recruiter,9,2026-02-03 20:03:34.605716
550,recruiter,11,2026-01-19 20:03:34.605718
551,student,16,2026-01-08 20:03:34.605721
552,recruiter,18,2026-01-05 20:03:34.605723
553,student,5,2026-02-06 20:03:34.605725
554,recruiter,10,2026-01-28 20:03:34.605727
555,recruiter,3,2026-02-17 20:03:34.605730
556,student,11,2026-01-24 20:03:34.605732
557,student,12,2026-01-14 20:03:34.605734
558,recruiter,1,2026-01-26 20:03:34.605736
559,student,19,2026-02-05 20:03:34.605739
560,recruiter,15,2026-01-13 20:03:34.605741
561,student,14,2026-02-22 20:03:34.605743
562,recruiter,6,2026-01-08 20:03:34.605745
563,student,3,2026-01-14 20:03:34.605748
564,recruiter,15,2026-01-21 20:03:34.605750
565,student,4,2026-02-17 20:03:34.605752
566,student,19,2025-12-31 20:03:34.605754
567,student,11,2026-01-02 20:03:34.605757
568,recruiter,11,2026-01-30 20:03:34.605759
569,student,9,2026-02-05 20:03:34.605761
570,recruiter,3,2025-12-29 20:03:34.605764
571,recruiter,18,2026-01-03 20:03:34.605766
572,recruiter,17,2026-02-17 20:03:34.605768
573,recruiter,16,2026-01-28 20:03:34.605770
574,student,18,2026-01-22 20:03:34.605773
575,student,19,2026-01-24 20:03:34.605775
576,recruiter,11,2026-02-24 20:03:34.605777
577,student,17,2026-01-29 20:03:34.605779
578,recruiter,9,2026-02-06 20:03:34.605782
579,recruiter,17,2026-02-19 20:03:34.605784
580,student,5,2026-01-07 20:03:34.605786
581,recruiter,9,2026-01-09 20:03:34.605789
582,student,2,2026-01-23 20:03:34.605791
583,student,15,2026-02-07 20:03:34.605793
584,student,10,2026-02-18 20:03:34.605795
585,recruiter,19,2026-01-03 20:03:34.605798
586,student,1,2026-01-01 20:03:34.605800
587,recruiter,2,2026-02-24 20:03:34.605802
588,student,11,2026-01-26 20:03:34.605804
589,recruiter,13,2026-02-10 20:03:34.605807
590,recruiter,13,2026-01-08 20:03:34.605809
591,student,9,2026-02-11 20:03:34.605811
592,recruiter,18,2026-02-18 20:03:34.605814
593,student,17,2026-01-09 20:03:34.605816
594,student,16,2026-01-28 20:03:34.605820
595,student,18,2026-01-29 20:03:34.605822
596,student,5,2026-01-25 20:03:34.605825
597,student,3,2026-01-28 20:03:34.605827
598,student,6,2026-01-31 20:03:34.605829
599,recruiter,18,2026-01-26 20:03:34.605831
600,student,14,2026-02-24 20:03:34.605834
601,student,3,2026-01-07 20:03:34.605836
602,recruiter,12,2026-01-23 20:03:34.605838
603,recruiter,5,2026-02-18 20:03:34.605844
604,student,3,2026-01-11 20:03:34.605847
605,student,15,2026-01-15 20:03:34.605849
606,recruiter,8,2026-01-13 20:03:34.605851
607,recruiter,13,2026-01-31 20:03:34.605854
608,student,19,2026-02-13 20:03:34.605856
609,student,1,2026-02-07 20:03:34.605858
610,recruiter,7,2026-02-01 20:03:34.605860
611,recruiter,8,2026-01-27 20:03:34.605863
612,recruiter,12,2025-12-29 20:03:34.605865
613,recruiter,11,2026-01-28 20:03:34.605867
614,recruiter,7,2026-02-11 20:03:34.605870
615,recruiter,16,2026-01-20 20:03:34.605872
616,student,17,2026-01-28 20:03:34.605874
617,recruiter,5,2026-02-21 20:03:34.605876
618,student,11,2026-01-10 20:03:34.605879
619,recruiter,6,2026-02-10 20:03:34.605881
620,recruiter,8,2026-01-13 20:03:34.605883
621,recruiter,10,2026-02-24 20:03:34.605885
622,recruiter,1,2025-12-30 20:03:34.605888
623,student,1,2026-01-13 20:03:34.605890
624,recruiter,3,2026-02-07 20:03:34.605892
625,student,19,2025-12-29 20:03:34.605894
626,recruiter,5,2026-02-14 20:03:34.605897
627,recruiter,15,2026-02-08 20:03:34.605899
628,student,2,2026-01-02 20:03:34.605901
629,student,4,2026-01-12 20:03:34.605904
630,student,14,2026-02-15 20:03:34.605906
631,student,9,2026-01-09 20:03:34.605908
632,recruiter,14,2026-01-19 20:03:34.605910
633,recruiter,8,2026-02-08 20:03:34.605913
634,recruiter,16,2026-01-17 20:03:34.605915
635,recruiter,5,2026-02-02 20:03:34.605917
636,student,14,2026-01-31 20:03:34.605920
637,recruiter,11,2026-01-09 20:03:34.605922
638,recruiter,18,2026-02-14 20:03:34.605924
639,student,1,2026-01-14 20:03:34.605926
640,recruiter,19,2026-01-13 20:03:34.605929
641,student,14,2026-02-21 20:03:34.605931
642,recruiter,5,2026-02-03 20:03:34.605933
643,recruiter,1,2026-01-17 20:03:34.605935
644,student,17,2026-01-11 20:03:34.605938
645,recruiter,18,2026-01-12 20:03:34.605940
646,student,18,2026-02-13 20:03:34.605942
647,student,11,2026-02-03 20:03:34.605945
648,recruiter,3,2026-01-12 20:03:34.605947
649,recruiter,18,2026-02-04 20:03:34.605949
650,student,8,2026-01-04 20:03:34.605951
651,student,16,2026-01-12 20:03:34.605954
652,student,11,2026-01-29 20:03:34.605956
653,recruiter,6,2026-02-23 20:03:34.605958
654,recruiter,19,2025-12-31 20:03:34.605960
655,student,11,2026-01-13 20:03:34.605963
656,recruiter,3,2026-01-30 20:03:34.605965
657,recruiter,18,2026-02-05 20:03:34.605967
658,recruiter,2,2026-02-03 20:03:34.605970
659,student,19,2026-02-01 20:03:34.605972
660,recruiter,2,2026-02-20 20:03:34.605974
661,recruiter,17,2025-12-30 20:03:34.605977
662,recruiter,7,2026-01-13 20:03:34.605979
663,student,2,2025-12-28 20:03:34.605981
664,recruiter,13,2026-01-23 20:03:34.605983
665,student,6,2026-02-05 20:03:34.605986
666,student,13,2026-02-12 20:03:34.605988
667,recruiter,15,2026-02-03 20:03:34.605991
668,student,5,2026-01-28 20:03:34.605993
669,recruiter,1,2026-02-06 20:03:34.605995
670,recruiter,14,2026-02-22 20:03:34.605998
671,recruiter,1,2026-01-22 20:03:34.606000
672,student,13,2026-01-26 20:03:34.606002
673,student,5,2025-12-31 20:03:34.606004
674,student,17,2026-02-01 20:03:34.606008
675,recruiter,5,2026-01-11 20:03:34.606010
676,student,9,2026-01-25 20:03:34.606013
677,recruiter,8,2026-02-04 20:03:34.606015
678,student,15,2026-01-10 20:03:34.606017
679,student,5,2026-02-10 20:03:34.606020
680,student,5,2026-01-30 20:03:34.606022
681,student,18,2026-02-23 20:03:34.606024
682,student,6,2026-01-16 20:03:34.606027
683,student,7,2026-01-30 20:03:34.606029
684,recruiter,13,2026-01-17 20:03:34.606031
685,student,18,2026-01-23 20:03:34.606033
686,recruiter,2,2026-01-26 20:03:34.606036
687,student,15,2026-01-04 20:03:34.606038
688,student,5,2026-02-04 20:03:34.606042
689,student,3,2026-02-10 20:03:34.606045
690,recruiter,8,2026-01-25 20:03:34.606047
691,student,16,2026-01-14 20:03:34.606049
692,recruiter,2,2026-02-25 20:03:34.606052
693,student,14,2026-01-31 20:03:34.606054
694,student,3,2026-02-18 20:03:34.606056
695,student,15,2026-01-30 20:03:34.606058
696,student,6,2026-02-24 20:03:34.606061
697,student,8,2026-02-06 20:03:34.606063
698,student,19,2026-02-09 20:03:34.606065
699,recruiter,11,2026-01-08 20:03:34.606067
700,recruiter,10,2026-01-11 20:03:34.606070
701,recruiter,10,2026-01-23 20:03:34.606072
702,recruiter,18,2026-02-22 20:03:34.606074
703,recruiter,4,2026-02-14 20:03:34.606077
704,student,6,2026-02-11 20:03:34.606079
705,student,16,2026-02-12 20:03:34.606081
706,recruiter,9,2026-02-02 20:03:34.606083
707,recruiter,14,2026-02-08 20:03:34.606086
708,recruiter,10,2026-01-13 20:03:34.606088
709,student,16,2026-01-04 20:03:34.606090
710,student,14,2026-02-21 20:03:34.606093
711,student,15,2026-02-01 20:03:34.606095
712,recruiter,4,2026-02-02 20:03:34.606097
713,student,3,2026-01-14 20:03:34.606100
714,recruiter,10,2026-01-22 20:03:34.606102
715,recruiter,8,2026-01-15 20:03:34.606104
716,student,19,2026-01-30 20:03:34.606106
717,student,9,2026-01-15 20:03:34.606109
718,recruiter,15,2026-01-27 20:03:34.606111
719,student,9,2026-02-21 20:03:34.606113
720,recruiter,17,2026-02-20 20:03:34.606115
721,student,1,2026-02-15 20:03:34.606118
722,student,19,2026-01-24 20:03:34.606120
723,recruiter,11,2026-01-19 20:03:34.606122
724,recruiter,1,2026-02-15 20:03:34.606125
725,student,8,2026-02-24 20:03:34.606127
726,recruiter,16,2026-02-02 20:03:34.606129
727,student,17,2026-02-05 20:03:34.606131
728,student,7,2026-02-10 20:03:34.606134
729,recruiter,6,2026-01-29 20:03:34.606136
730,student,7,2026-02-02 20:03:34.606138
731,recruiter,2,2026-02-08 20:03:34.606140
732,recruiter,9,2026-01-02 20:03:34.606143
733,student,2,2026-01-19 20:03:34.606145
734,recruiter,2,2026-02-25 20:03:34.606147
735,student,3,2026-02-18 20:03:34.606150
736,student,13,2026-01-26 20:03:34.606152
737,recruiter,7,2026-01-17 20:03:34.606154
738,student,3,2026-01-17 20:03:34.606156
739,recruiter,19,2026-01-12 20:03:34.606159
740,student,7,2026-02-09 20:03:34.606161
741,student,5,2026-02-21 20:03:34.606163
742,student,1,2026-01-07 20:03:34.606165
743,student,6,2026-02-03 20:03:34.606168
744,recruiter,11,2026-02-01 20:03:34.606170
745,recruiter,3,2026-01-17 20:03:34.606172
746,recruiter,5,2026-01-17 20:03:34.606174
747,student,9,2026-01-22 20:03:34.606177
748,recruiter,16,2026-02-15 20:03:34.606179
749,recruiter,13,2026-02-18 20:03:34.606181
750,student,14,2025-12-28 20:03:34.606183
751,recruiter,15,2026-01-14 20:03:34.606186
752,student,3,2026-01-25 20:03:34.606188
753,recruiter,6,2026-01-13 20:03:34.606190
754,recruiter,11,2026-01-03 20:03:34.606193
755,recruiter,4,2026-02-06 20:03:34.606195
756,student,17,2026-02-10 20:03:34.606197
757,recruiter,4,2026-02-22 20:03:34.606199
758,student,4,2026-02-13 20:03:34.606202
759,recruiter,1,2026-01-10 20:03:34.606204
760,student,7,2026-01-14 20:03:34.606206
761,student,15,2026-02-17 20:03:34.606209
762,student,9,2026-02-20 20:03:34.606216
763,recruiter,12,2026-02-05 20:03:34.606219
764,student,12,2026-02-25 20:03:34.606221
765,student,18,2026-01-05 20:03:34.606223
766,recruiter,15,2026-01-13 20:03:34.606225
767,student,1,2026-01-25 20:03:34.606228
768,student,2,2026-02-15 20:03:34.606230
769,student,9,2026-01-28 20:03:34.606232
770,recruiter,17,2025-12-29 20:03:34.606235
771,student,9,2026-02-14 20:03:34.606237
772,student,8,2026-02-07 20:03:34.606239
773,recruiter,4,2025-12-31 20:03:34.606242
774,recruiter,16,2026-02-12 20:03:34.606247
775,recruiter,1,2026-01-16 20:03:34.606249
776,recruiter,10,2026-02-13 20:03:34.606251
777,student,10,2026-02-02 20:03:34.606254
778,student,4,2026-01-28 20:03:34.606256
779,recruiter,9,2025-12-29 20:03:34.606258
780,recruiter,18,2026-01-25 20:03:34.606261
781,student,10,2026-02-09 20:03:34.606263
782,student,1,2025-12-31 20:03:34.606265
783,student,8,2026-01-12 20:03:34.606268
784,recruiter,4,2026-02-23 20:03:34.606270
785,recruiter,12,2026-01-28 20:03:34.606272
786,student,13,2026-01-19 20:03:34.606275
787,student,3,2026-01-17 20:03:34.606277
788,student,9,2026-02-26 20:03:34.606279
789,student,16,2026-01-30 20:03:34.606281
790,recruiter,1,2026-01-27 20:03:34.606284
791,student,19,2026-01-31 20:03:34.606286
792,student,17,2026-01-24 20:03:34.606289
793,recruiter,9,2026-01-28 20:03:34.606291
794,student,10,2026-01-26 20:03:34.606293
795,recruiter,10,2026-01-15 20:03:34.606296
796,recruiter,2,2026-01-17 20:03:34.606298
797,recruiter,4,2026-01-27 20:03:34.606300
798,recruiter,13,2026-02-10 20:03:34.606302
799,recruiter,16,2026-01-28 20:03:34.606305
800,recruiter,1,2026-02-10 20:03:34.606307
801,student,5,2026-01-29 20:03:34.606309
802,student,13,2026-01-20 20:03:34.606312
803,recruiter,17,2026-02-04 20:03:34.606314
804,student,6,2026-02-20 20:03:34.606316
805,recruiter,10,2025-12-28 20:03:34.606318
806,student,14,2026-02-01 20:03:34.606321
807,recruiter,2,2026-01-20 20:03:34.606323
808,student,1,2026-02-07 20:03:34.606325
809,student,5,2026-02-19 20:03:34.606327
810,student,12,2026-01-03 20:03:34.606330
811,student,9,2026-02-17 20:03:34.606332
812,student,9,2026-01-27 20:03:34.606334
813,recruiter,18,2026-02-23 20:03:34.606336
814,recruiter,16,2026-02-26 20:03:34.606339
815,student,15,2025-12-30 20:03:34.606341
816,student,14,2026-02-10 20:03:34.606343
817,student,18,2026-02-19 20:03:34.606345
818,recruiter,3,2026-01-21 20:03:34.606348
819,recruiter,19,2026-01-11 20:03:34.606350
820,recruiter,1,2026-02-12 20:03:34.606352
821,recruiter,19,2026-01-17 20:03:34.606354
822,student,10,2026-02-18 20:03:34.606357
823,student,11,2026-01-24 20:03:34.606359
824,recruiter,11,2026-02-22 20:03:34.606361
825,recruiter,7,2026-01-13 20:03:34.606364
826,student,10,2026-01-27 20:03:34.606366
827,student,14,2026-01-18 20:03:34.606368
828,student,18,2026-02-14 20:03:34.606370
829,recruiter,8,2026-01-23 20:03:34.606373
830,student,13,2026-01-25 20:03:34.606375
831,recruiter,19,2026-02-12 20:03:34.606377
832,student,15,2026-02-11 20:03:34.606379
833,recruiter,1,2026-02-06 20:03:34.606382
834,recruiter,4,2026-02-03 20:03:34.606384
835,student,17,2026-02-11 20:03:34.606386
836,recruiter,15,2026-01-28 20:03:34.606388
837,recruiter,4,2026-01-14 20:03:34.606391
838,recruiter,12,2026-02-26 20:03:34.606393
839,recruiter,13,2026-02-04 20:03:34.606395
840,recruiter,3,2026-02-20 20:03:34.606397
841,recruiter,3,2026-02-08 20:03:34.606400
842,student,6,2026-02-20 20:03:34.606402
843,student,2,2025-12-29 20:03:34.606404
844,recruiter,15,2025-12-31 20:03:34.606406
845,recruiter,14,2026-02-16 20:03:34.606409
846,recruiter,9,2026-02-24 20:03:34.606411
847,student,17,2026-02-26 20:03:34.606413
848,student,8,2026-01-31 20:03:34.606415
849,student,6,2026-01-31 20:03:34.606418
850,student,2,2026-02-08 20:03:34.606420
851,student,13,2026-01-10 20:03:34.606422
852,recruiter,16,2026-01-29 20:03:34.606424
853,student,5,2026-01-09 20:03:34.606427
854,student,10,2026-02-05 20:03:34.606429
855,recruiter,17,2026-02-07 20:03:34.606431
856,recruiter,3,2026-01-22 20:03:34.606433
857,recruiter,7,2025-12-28 20:03:34.606436
858,student,2,2026-01-29 20:03:34.606440
859,student,8,2026-01-28 20:03:34.606442
860,recruiter,3,2026-01-16 20:03:34.606445
861,recruiter,16,2025-12-29 20:03:34.606447
862,recruiter,15,2026-02-14 20:03:34.606453
863,student,5,2026-02-11 20:03:34.606455
864,recruiter,9,2026-02-05 20:03:34.606457
865,student,15,2026-02-25 20:03:34.606460
866,recruiter,7,2026-02-14 20:03:34.606462
867,student,9,2026-01-19 20:03:34.606464
868,student,17,2026-01-24 20:03:34.606467
869,recruiter,3,2025-12-31 20:03:34.606469
870,student,7,2026-02-11 20:03:34.606471
871,recruiter,19,2026-01-12 20:03:34.606473
872,recruiter,8,2026-01-16 20:03:34.606476
873,student,19,2026-02-08 20:03:34.606478
874,student,4,2026-02-17 20:03:34.606480
875,student,17,2026-02-19 20:03:34.606483
876,student,10,2026-02-08 20:03:34.606485
877,student,4,2026-02-11 20:03:34.606487
878,student,6,2026-02-06 20:03:34.606501
879,student,8,2026-02-07 20:03:34.606504
880,student,10,2026-02-17 20:03:34.606506
881,student,12,2026-02-21 20:03:34.606508
882,recruiter,18,2026-01-06 20:03:34.606511
883,student,18,2026-01-20 20:03:34.606513
884,student,3,2026-02-08 20:03:34.606515
885,recruiter,9,2026-02-25 20:03:34.606518
886,student,19,2026-01-22 20:03:34.606520
887,student,7,2026-02-11 20:03:34.606522
888,student,13,2026-02-13 20:03:34.606524
889,student,17,2026-01-08 20:03:34.606527
890,recruiter,15,2026-01-19 20:03:34.606529
891,student,7,2026-01-10 20:03:34.606531
892,recruiter,14,2026-01-19 20:03:34.606534
893,recruiter,8,2026-01-07 20:03:34.606536
894,recruiter,5,2026-01-08 20:03:34.606538
895,student,7,2026-01-28 20:03:34.606540
896,recruiter,18,2026-01-02 20:03:34.606543
897,student,13,2026-02-18 20:03:34.606545
898,recruiter,12,2026-01-20 20:03:34.606548
899,recruiter,11,2026-02-26 20:03:34.606550
900,student,16,2026-01-15 20:03:34.606552
901,recruiter,2,2026-01-03 20:03:34.606554
902,recruiter,12,2026-01-01 20:03:34.606556
903,recruiter,3,2026-01-24 20:03:34.606559
904,student,9,2026-02-01 20:03:34.606561
905,recruiter,16,2026-02-04 20:03:34.606563
906,recruiter,5,2026-02-06 20:03:34.606566
907,recruiter,13,2026-01-01 20:03:34.606568
908,student,10,2026-02-17 20:03:34.606570
909,student,14,2026-01-19 20:03:34.606573
910,recruiter,19,2026-01-30 20:03:34.606575
911,recruiter,17,2026-01-30 20:03:34.606577
912,student,2,2026-01-11 20:03:34.606579
913,student,19,2026-02-06 20:03:34.606582
914,recruiter,14,2026-02-16 20:03:34.606584
915,student,10,2026-02-15 20:03:34.606586
916,student,1,2026-01-24 20:03:34.606588
917,student,18,2026-01-31 20:03:34.606591
918,recruiter,5,2026-02-18 20:03:34.606593
919,student,10,2026-02-22 20:03:34.606595
920,recruiter,1,2026-02-12 20:03:34.606597
921,recruiter,6,2026-01-02 20:03:34.606600
922,student,13,2026-01-11 20:03:34.606602
923,recruiter,7,2026-02-25 20:03:34.606604
924,student,19,2026-01-20 20:03:34.606607
925,recruiter,18,2025-12-28 20:03:34.606609
926,recruiter,11,2026-02-14 20:03:34.606611
927,recruiter,17,2026-02-11 20:03:34.606613
928,student,13,2026-02-24 20:03:34.606616
929,recruiter,9,2026-01-15 20:03:34.606618
930,recruiter,4,2026-01-06 20:03:34.606620
931,student,18,2026-01-22 20:03:34.606623
932,recruiter,11,2026-01-18 20:03:34.606625
933,student,2,2026-01-24 20:03:34.606627
934,recruiter,17,2026-01-06 20:03:34.606630
935,student,4,2026-02-14 20:03:34.606632
936,student,11,2026-01-04 20:03:34.606634
937,recruiter,11,2026-01-21 20:03:34.606637
938,student,17,2026-02-05 20:03:34.606639
939,recruiter,1,2026-01-19 20:03:34.606641
940,recruiter,5,2026-01-11 20:03:34.606644
941,student,9,2026-01-15 20:03:34.606646
942,student,10,2026-01-09 20:03:34.606648
943,student,2,2026-01-16 20:03:34.606653
944,recruiter,18,2025-12-28 20:03:34.606655
945,student,18,2026-01-06 20:03:34.606658
946,recruiter,19,2026-02-08 20:03:34.606660
947,recruiter,12,2026-01-31 20:03:34.606662
948,student,19,2026-02-02 20:03:34.606665
949,recruiter,15,2026-01-23 20:03:34.606667
950,student,16,2026-01-01 20:03:34.606669
951,recruiter,16,2026-01-08 20:03:34.606671
952,student,17,2026-01-20 20:03:34.606674
953,recruiter,3,2026-01-02 20:03:34.606676
954,student,11,2026-02-26 20:03:34.606678
955,student,7,2026-01-15 20:03:34.606680
956,recruiter,5,2026-02-03 20:03:34.606683
957,recruiter,18,2026-01-31 20:03:34.606685
958,recruiter,11,2026-02-14 20:03:34.606687
959,student,1,2026-02-03 20:03:34.606689
960,recruiter,11,2026-01-24 20:03:34.606692
961,recruiter,13,2026-01-03 20:03:34.606694
962,recruiter,16,2026-01-27 20:03:34.606696
963,recruiter,15,2026-02-04 20:03:34.606698
964,recruiter,3,2026-01-04 20:03:34.606701
965,recruiter,7,2026-01-02 20:03:34.606703
966,recruiter,12,2026-02-01 20:03:34.606705
967,student,4,2026-02-02 20:03:34.606708
968,student,5,2026-02-22 20:03:34.606710
969,student,15,2025-12-31 20:03:34.606712
970,student,6,2026-01-24 20:03:34.606714
971,recruiter,17,2026-02-14 20:03:34.606717
972,recruiter,14,2026-01-30 20:03:34.606719
973,student,1,2025-12-30 20:03:34.606721
974,recruiter,16,2026-01-12 20:03:34.606727
975,student,7,2026-02-13 20:03:34.606730
976,recruiter,7,2026-02-05 20:03:34.606732
977,recruiter,14,2026-01-30 20:03:34.606734
978,student,16,2026-02-14 20:03:34.606737
979,recruiter,7,2026-01-05 20:03:34.606739
980,recruiter,7,2026-02-11 20:03:34.606741
981,recruiter,7,2026-02-16 20:03:34.606744
982,recruiter,6,2026-01-31 20:03:34.606746
983,student,18,2026-01-07 20:03:34.606748
984,student,4,2026-01-18 20:03:34.606750
985,recruiter,18,2026-02-20 20:03:34.606753
986,student,1,2026-01-04 20:03:34.606755
987,recruiter,13,2026-01-07 20:03:34.606757
988,recruiter,7,2026-01-07 20:03:34.606759
989,recruiter,4,2026-02-20 20:03:34.606762
990,student,6,2026-01-13 20:03:34.606764
991,student,17,2026-02-25 20:03:34.606767
992,recruiter,12,2026-02-09 20:03:34.606769
993,recruiter,7,2026-02-01 20:03:34.606771
994,student,11,2026-02-22 20:03:34.606774
995,student,19,2026-02-10 20:03:34.606776
996,recruiter,13,2025-12-29 20:03:34.606778
997,recruiter,17,2026-01-09 20:03:34.606781
998,student,6,2026-02-15 20:03:34.606783
999,recruiter,13,2026-01-28 20:03:34.606785
1000,student,8,2026-02-25 20:03:34.606788
